question,tag_clean,rank,final_score,composite_score,production_recommended,audit_status,reason_code,row_id,original_tag,e5_margin,gemma_margin,token_alignment,artifact_score,rationale
পোস্টাল ভোট BD-তে SMS OTP ইনবক্সে আসতে আনুমানিক কতক্ষণ লাগে?,otp_delivery_time,1,0.7537596182319162,0.710305433214019,True,audited,clean,52700,otp_delivery_time,0.01799553632736206,0.10450214147567749,0.2857142857142857,0.0,Self-contained question about how long an SMS OTP takes to arrive in the inbox for Postal Vote BD.
পোস্টাল ভোট অ্যাপে OTP পেতে কি কয়েক মিনিট লাগতে পারে?,otp_delivery_time,2,0.6436916035678842,0.7079663260291601,True,audited,clean,52730,otp_delivery_time,0.021127700805664062,0.09645313024520874,0.14285714285714285,0.0,"Clearly asks whether receiving the OTP in the Postal Vote app can take a few minutes, matching OTP delivery-time intent."
পোস্টাল ভোটিং সিস্টেমের OTP পেতে আনুমানিক কত মিনিট অপেক্ষা করব?,otp_delivery_time,3,0.6419598098007905,0.7079899892159811,True,audited,clean,52757,otp_delivery_time,0.01950019598007202,0.11667138338088989,0.2857142857142857,0.0,Directly asks the approximate waiting time to receive an OTP in the postal voting system.
পোস্টাল ভোট বিডি অ্যাপে OTP আসতে কতক্ষণ সময় লাগে?,otp_delivery_time,4,0.6376259483410122,0.7040875801134805,True,audited,clean,47499,otp_delivery_time,0.016004741191864014,0.07702630758285522,0.14285714285714285,0.0,Direct clean example asking how long OTP arrival takes in the Postal Vote BD app.
পোস্টাল ভোট BD অ্যাপে OTP পেতে সাধারণত কতক্ষণ অপেক্ষা করতে হয়?,otp_delivery_time,5,0.6357135030702556,0.703393710665815,True,audited,clean,52697,otp_delivery_time,0.016157925128936768,0.09244263172149658,0.14285714285714285,0.0,Asks the usual wait time to get an OTP in the Postal Vote BD app; self-contained and on tag.
নির্বাচন কমিশনের পোস্টাল ভোট অ্যাপের ওটিপি পেতে আনুমানিক সময় কত?,otp_delivery_time,6,0.6343545525365042,0.7010500094091237,True,audited,clean,52732,otp_delivery_time,0.02272862195968628,0.09692627191543579,0.14285714285714285,0.0,Asks the estimated time to receive the OTP for the Election Commission postal vote app.
ইসি’র পোস্টাল ভোট সেবার OTP পাওয়ায় সাধারণত কেমন সময় লাগে?,otp_delivery_time,7,0.6307468193841392,0.6977170881271009,True,audited,clean,52755,otp_delivery_time,0.02096503973007202,0.12658190727233887,0.14285714285714285,0.0,Intent is clear: asks the usual time needed to receive an OTP for the EC postal vote service.
পোস্টাল ভোট BD OTP পৌঁছাতে কত সময় ধরে অপেক্ষা করতে হয়?,otp_delivery_time,8,0.6290170962960262,0.6971600801314367,True,audited,clean,52721,otp_delivery_time,0.01666867733001709,0.08652067184448242,0.14285714285714285,0.0,Clearly asks how long to wait for a Postal Vote BD OTP to arrive.
নির্বাচন কমিশনের পোস্টাল ভোট অ্যাপের OTP ইনবক্সে আসার সময় সাধারণত কত?,otp_delivery_time,9,0.625053883606016,0.6925562159789294,True,audited,clean,52786,otp_delivery_time,0.01902371644973755,0.07056909799575806,0.2857142857142857,0.0,Asks the usual time for an OTP to arrive in the inbox for the Election Commission postal vote app.
পোস্টাল ভোট BD OTP আসতে কত মিনিট সময় নেয় সাধারণত?,otp_delivery_time,10,0.6222251545818825,0.6907329970454708,True,audited,clean,52766,otp_delivery_time,0.014073431491851807,0.08741992712020874,0.14285714285714285,0.0,Self-contained question about how many minutes a Postal Vote BD OTP usually takes to arrive.
পোস্টাল ভোট BD-র যাচাইকরণ OTP ইনবক্সে আসতে সময় কত?,otp_delivery_time,11,0.6217080546836901,0.6899740329409904,True,audited,clean,52728,otp_delivery_time,0.014039039611816406,0.06218230724334717,0.2857142857142857,0.0,Asks how long a verification OTP takes to arrive in the inbox for Postal Vote BD.
পোস্টাল ভোট অ্যাপের সিকিউরিটি কোড আসতে প্রায় কতক্ষণ লাগে?,otp_delivery_time,12,0.6156503158672773,0.6820263948856226,True,audited,clean,52705,otp_delivery_time,0.014258801937103271,0.0968865156173706,0.2857142857142857,0.0,Security code arrival time for the Postal Vote app fits the OTP/confirmation code delivery-time tag.
পোস্টাল ভোট BD অ্যাপ থেকে OTP রিসিভ হতে সাধারণত কত মিনিট লাগে?,otp_delivery_time,13,0.6099553467626279,0.6797912397839929,True,audited,clean,52746,otp_delivery_time,0.010946512222290039,0.04283154010772705,0.14285714285714285,0.0,Directly asks how many minutes it usually takes to receive OTP from the Postal Vote BD app.
পোস্টাল ভোটের জন্য পাঠানো ভেরিফিকেশন কোড আসতে গড়ে কত মিনিট লাগে?,otp_delivery_time,14,0.6089011298053103,0.6775403133153809,True,audited,clean,52734,otp_delivery_time,0.018458843231201172,0.09253180027008057,0.14285714285714285,0.0,Verification code sent for postal vote and its average arrival time clearly matches the tag.
পোস্টাল ভোট BD অ্যাপে নিশ্চিতকরণ কোড ইনবক্সে আসতে কতক্ষণ ধরে সময় নেয়?,otp_delivery_time,15,0.607051884500591,0.6759834359424816,True,audited,clean,52756,otp_delivery_time,0.012498319149017334,0.05486112833023071,0.14285714285714285,0.0,"Despite slightly wordy phrasing, it clearly asks how long a confirmation code takes to arrive in the inbox."
পোস্টাল ভোট সিস্টেমে OTP আসার গড় সময় কত?,otp_delivery_time,16,0.6066739101278241,0.6762205112478518,True,audited,clean,52718,otp_delivery_time,0.018441855907440186,0.08771622180938721,0.14285714285714285,0.0,Asks the average arrival time of an OTP in the postal vote system; clean and self-contained.
ইসি’র পোস্টাল ভোটিং অ্যাপ থেকে পাঠানো OTP কতক্ষণে মিলে?,otp_delivery_time,17,0.6049422366885996,0.6746194211396718,True,audited,clean,52727,otp_delivery_time,0.015742599964141846,0.08654117584228516,0.14285714285714285,0.0,Asks how long it takes to receive an OTP sent from the EC postal voting app.
ইসি’র পোস্টাল ভোট বিডি অ্যাপ থেকে ভেরিফিকেশন কোড আসতে কতটা সময় লাগে?,otp_delivery_time,18,0.6039601538772996,0.6738002719670682,True,audited,clean,52699,otp_delivery_time,0.01584017276763916,0.09766000509262085,0.14285714285714285,0.0,Asks the time required for a verification code to arrive from the EC Postal Vote BD app.
Postal Vote BD অ্যাপের সিকিউরিটি কোড আসতে কতটা সময় ধরে অপেক্ষা করতে হয়?,otp_delivery_time,19,0.5974673700858179,0.6681801571694634,True,audited,clean,52783,otp_delivery_time,0.008934497833251953,0.08002448081970215,0.2857142857142857,0.0,Security code arrival wait time for the Postal Vote BD app is directly within this tag.
পোস্টাল ভোট অ্যাপে কোড জেনারেট হওয়ার পর ফোনে পৌঁছাতে কতক্ষণ লাগে?,otp_delivery_time,20,0.5958458033537135,0.6660734280286824,True,audited,clean,52747,otp_delivery_time,0.01830965280532837,0.09036904573440552,0.0,0.0,"Asks how long a generated code takes to reach the phone in the Postal Vote app, matching code delivery time."
পোস্টাল ভোট BD অ্যাপে কোড পেতে কি ২–৩ মিনিটের মতো অপেক্ষা করতে হয়?,otp_delivery_time,21,0.5952947549264617,0.6650413332814961,True,audited,clean,52771,otp_delivery_time,0.016338348388671875,0.08631575107574463,0.14285714285714285,0.0,Asks whether receiving the code in the Postal Vote BD app requires a 2–3 minute wait.
পোস্টাল ভোটিং অ্যাপে সিকিউরিটি কোড পেতে কতক্ষণ ধৈর্য ধরতে হবে?,otp_delivery_time,22,0.5926139361187801,0.6643725140946325,True,audited,clean,52719,otp_delivery_time,0.011960506439208984,0.0895267128944397,0.2857142857142857,0.0,Asks how long to wait to get a security code in the postal voting app; clear tag fit.
পোস্টাল ভোটিং অ্যাপের একবারের কোড পৌঁছাতে কত মিনিট সময় লাগে?,otp_delivery_time,23,0.5917660930113184,0.6631146558137577,True,audited,clean,52739,otp_delivery_time,0.017911016941070557,0.07021039724349976,0.0,0.0,One-time code delivery time for the postal voting app is effectively OTP delivery time.
ইসি পোস্টাল ভোট অ্যাপে কোড ডেলিভারি হতে আনুমানিক কতক্ষণ সময় নেয়?,otp_delivery_time,24,0.5908610909749195,0.6619654755436581,True,audited,clean,52794,otp_delivery_time,0.021890699863433838,0.09439629316329956,0.0,0.0,"Asks the estimated code delivery time in the EC postal vote app, which matches OTP/security-code timing."
Postal Vote BD-এর OTP কি মিনিট খানেক পর আসে?,otp_delivery_time,25,0.5889973766629059,0.6597040431680208,True,audited,clean,52748,otp_delivery_time,0.01781916618347168,0.07229876518249512,0.14285714285714285,0.0,"Directly asks whether the Postal Vote BD OTP arrives after about a minute, which is about OTP delivery time."
পোস্টাল ভোট BD-তে কোড পৌঁছাতে সাধারণত কতক্ষণ লাগে বলবেন?,otp_delivery_time,26,0.5882392576024436,0.6596936883639954,True,audited,clean,52761,otp_delivery_time,0.013803720474243164,0.07522302865982056,0.0,0.0,"Asks how long it usually takes for the code to reach Postal Vote BD, fitting code delivery time."
পোস্টাল ভোট BD-তে OTP না এলে কতক্ষণ অপেক্ষা করা উচিত?,otp_delivery_time,27,0.5881503861880063,0.6607091916863842,True,audited,clean,52724,otp_delivery_time,0.00937795639038086,0.05607706308364868,0.14285714285714285,0.0,"Asks how long to wait if the OTP has not arrived in Postal Vote BD, matching OTP delivery/wait time intent."
পোস্টাল ভোট BD অ্যাপ থেকে নিশ্চিতকরণ SMS পেতে সাধারণত কত মিনিট লাগে?,otp_delivery_time,28,0.586628566956714,0.6575039950454503,True,audited,clean,52795,otp_delivery_time,0.008862674236297607,0.09315073490142822,0.14285714285714285,0.0,"Asks how many minutes it usually takes to receive a confirmation SMS from the Postal Vote BD app, aligned with confirmation code delivery timing."
Postal Vote BD অ্যাপ থেকে OTP কি সাথে সাথে না এসে একটু সময় নেয়?,otp_delivery_time,29,0.5845663535259118,0.6559245251160939,True,audited,clean,52758,otp_delivery_time,0.012893974781036377,0.0493541955947876,0.14285714285714285,0.0,"Asks whether the OTP from the app comes immediately or takes some time, which is a delivery-time question."
Postal Vote BD-তে SMS OTP পাওয়ার গড় সময় কত মিনিট?,otp_delivery_time,30,0.5825538911057337,0.6537358517567674,True,audited,clean,52792,otp_delivery_time,0.01070404052734375,0.1055024266242981,0.14285714285714285,0.0,Clearly asks the average time in minutes to receive an SMS OTP for Postal Vote BD.
ইসি পোস্টাল ভোট অ্যাপের এককালীন পাসকোড আসতে কত মিনিট সময় নেয়?,otp_delivery_time,31,0.5808401004836111,0.6525162187246092,True,audited,clean,52720,otp_delivery_time,0.011606872081756592,0.01696908473968506,0.14285714285714285,0.0,"One-time passcode is an OTP concept, and the row asks how many minutes it takes to arrive in the postal vote app."
পোস্টাল ভোট অ্যাপের এসএমএস ওটিপি ইনবক্সে ঢুকতে গড়ে কতক্ষণ লাগে?,otp_delivery_time,32,0.5772541239230321,0.649773451554497,True,audited,clean,52709,otp_delivery_time,0.016250789165496826,0.06486791372299194,0.0,0.0,"Asks how long the SMS OTP takes to enter the inbox on average, a clean OTP delivery-time query."
Postal Vote BD অ্যাপের যাচাইকরণ কোড সাধারণত কত মিনিট পরে আসে?,otp_delivery_time,33,0.5755146310961016,0.64765696011821,True,audited,clean,52703,otp_delivery_time,0.010636746883392334,0.09333908557891846,0.0,0.0,Directly asks after how many minutes the verification code usually arrives in the Postal Vote BD app.
Postal Vote BD-র যাচাইকরণ কোড আসতে কত সময় ধরে ধৈর্য ধরতে হবে?,otp_delivery_time,34,0.5754030975961453,0.6479589232281578,True,audited,clean,52774,otp_delivery_time,0.011373519897460938,0.09360337257385254,0.14285714285714285,0.0,"Asks how long to wait for the verification code to arrive for Postal Vote BD, fitting the tag."
Postal Vote BD অ্যাপে কোড পেতে কত মিনিট ধরে ওয়েট করতে হবে?,otp_delivery_time,35,0.5731962138200065,0.6457276287605159,True,audited,clean,52731,otp_delivery_time,0.009237289428710938,0.0689954161643982,0.14285714285714285,0.0,"Asks how many minutes to wait to get the code in the Postal Vote BD app, matching delivery time."
পোস্টাল ভোট BD অ্যাপে রিসেন্ড দিলে ওটিপি আসতে কতক্ষণ লাগে?,otp_delivery_time,36,0.5718030884563977,0.645043189458823,True,audited,clean,52714,otp_delivery_time,0.006762862205505371,0.03264671564102173,0.0,0.0,"Although it mentions resend, the core question is how long the OTP takes to arrive, so it fits delivery time."
পোস্টাল ভোটিং BD অ্যাপে ওটিপি পৌঁছাতে গড় সময় কত মিনিট?,otp_delivery_time,37,0.5705615721719921,0.644396287417645,True,audited,clean,52777,otp_delivery_time,0.012943565845489502,0.05224114656448364,0.0,0.0,Asks the average number of minutes for the OTP to reach the Postal Voting BD app.
পোস্টাল ভোটিং BD অ্যাপে কোড রিসিভ হতে সাধারণত কত মিনিট সময় লাগে?,otp_delivery_time,38,0.5645583492213477,0.6384927676134179,True,audited,clean,52711,otp_delivery_time,0.009126603603363037,0.04034876823425293,0.0,0.0,Asks how many minutes it usually takes to receive the code in the Postal Voting BD app.
পোস্টাল ভোট অ্যাপে OTP না এলে কি কিছু মিনিট অপেক্ষা করা উচিত?,otp_delivery_time,39,0.5607223350420657,0.6348946675757431,True,audited,clean,52765,otp_delivery_time,0.006867170333862305,-0.0060269832611083984,0.14285714285714285,0.0,"Asks whether one should wait a few minutes if the OTP has not arrived, which is tied to expected OTP delivery timing."
পোস্টাল ভোট BD-তে ভেরিফিকেশন SMS পেতে কী পরিমাণ সময় লাগে?,otp_delivery_time,40,0.5602964188876038,0.6347427569155544,True,audited,clean,52780,otp_delivery_time,0.007552921772003174,0.10159319639205933,0.0,0.0,Asks what amount of time is needed to receive a verification SMS in Postal Vote BD.
ইসি পোস্টাল ভোটিং পোর্টালের সিকিউরিটি কোড পেতে সময় কত ধরে?,otp_delivery_time,41,0.5569763672842011,0.6310470863480167,False,audited,clean,52745,otp_delivery_time,0.012785077095031738,0.10000532865524292,0.2857142857142857,0.0,"Asks the time needed to receive the security code for the EC postal voting portal, matching the security-code delivery-time intent."
"Postal Vote BD থেকে পাঠানো সিকিউরিটি কোড কতক্ষণে আসে, কোনো ধারণা?",otp_delivery_time,42,0.554315190885967,0.6295191479907836,False,audited,clean,52753,otp_delivery_time,0.013301253318786621,0.09887868165969849,0.14285714285714285,0.0,Asks how long a security code sent by Postal Vote BD takes to arrive.
পোস্টাল ভোটিং অ্যাপে যাচাইকরণ কোড পেতে কি একটু অপেক্ষা করতে হবে?,otp_delivery_time,43,0.5509388917115555,0.6259075657780127,False,audited,clean,52750,otp_delivery_time,0.007056176662445068,0.05802953243255615,0.14285714285714285,0.0,"Asks whether waiting is needed to get the verification code in the postal voting app, which concerns code delivery timing."
পোস্টাল ভোটিং অ্যাপের সিকিউরিটি কোড ইনবক্সে ঢুকতে কি কয়েক মিনিট লাগে?,otp_delivery_time,44,0.5483764699458158,0.623524395094978,False,audited,clean,52767,otp_delivery_time,0.01077812910079956,0.051062941551208496,0.14285714285714285,0.0,"Asks whether the security code takes a few minutes to reach the inbox, a clean delivery-time question."
Postal Vote BD-এর ওটিপি ইনবক্সে ঢুকতে কতক্ষণ সময় নেয়?,otp_delivery_time,45,0.5474530879992168,0.6229786483020199,False,audited,clean,52737,otp_delivery_time,0.01096808910369873,0.022357702255249023,0.0,0.0,Directly asks how long the OTP takes to enter the inbox for Postal Vote BD.
পোস্টাল ভোট অ্যাপে এককালীন পাসকোড পেতে কি একটু সময় নেওয়া স্বাভাবিক?,otp_delivery_time,46,0.5397748922615584,0.6146702556587119,False,audited,clean,52782,otp_delivery_time,0.009172558784484863,0.030329525470733643,0.14285714285714285,0.0,"Asks whether it is normal for the one-time passcode to take some time to be received, fitting OTP/passcode delivery timing."
পোস্টাল ভোট সার্ভিসের OTP আসতে কি অল্প সময় লাগে?,otp_delivery_time,47,0.5339748707375519,0.6109735946493844,False,audited,clean,52793,otp_delivery_time,0.024349451065063477,0.12295269966125488,0.14285714285714285,0.0,"Asks whether the Postal Vote service OTP takes a short time to arrive, which is about OTP delivery time."
পোস্টাল ভোট অ্যাপের OTP সাধারণত কত মিনিট বিলম্বে পৌঁছায়?,otp_delivery_time,48,0.5323692926072648,0.6091607149444696,False,audited,clean,52752,otp_delivery_time,0.01948338747024536,0.11652559041976929,0.14285714285714285,0.0,"Asks how many minutes of delay are usual for the app OTP to arrive, a clear OTP delivery-time query."
Postal Vote BD অ্যাপের নিশ্চিতকরণ কোড সাধারণত কখন আসে?,otp_delivery_time,49,0.5319963987162858,0.6083748118695456,False,audited,clean,52725,otp_delivery_time,0.005425095558166504,0.10127997398376465,0.14285714285714285,0.0,"Self-contained question asking when the Postal Vote BD app confirmation code arrives, matching OTP/code delivery timing."
Postal Vote BD থেকে রিসেন্ড দেওয়ার পর কোড আসতে কতক্ষণ লাগে?,otp_delivery_time,50,0.5269448273033175,0.6039516006388178,False,audited,clean,52778,otp_delivery_time,0.004670619964599609,0.017368793487548828,0.14285714285714285,0.0,Asks how long it takes for the code to arrive after resend; still clearly about code delivery time.
নির্বাচন কমিশনের পোস্টাল ভোট অ্যাপের OTP ডেলিভারি সাধারণত কত মিনিটে হয়?,otp_delivery_time,51,0.5213560091383327,0.5994600791184621,False,audited,clean,52749,otp_delivery_time,0.02186828851699829,0.09687525033950806,0.14285714285714285,0.0,Directly asks how many minutes OTP delivery usually takes in the Election Commission postal vote app.
পোস্টাল ভোট BD OTP পেতে কি কয়েক মিনিট অপেক্ষা করতে হবে?,otp_delivery_time,52,0.5139950457561284,0.5930756695613557,False,audited,clean,52740,otp_delivery_time,0.01763838529586792,0.08991867303848267,0.14285714285714285,0.0,Clearly asks whether users must wait a few minutes to receive the Postal Vote BD OTP.
পোস্টাল ভোটিং BD-র OTP ইনবক্সে পৌঁছাতে কি কয়েক মিনিট সময় ধরা উচিত?,otp_delivery_time,53,0.5138008027791233,0.5923350555674521,False,audited,clean,52796,otp_delivery_time,0.018188834190368652,0.0808984637260437,0.2857142857142857,0.0,Asks whether the OTP reaching the inbox should be expected to take a few minutes; fits delivery-time intent.
Postal Vote BD অ্যাপের একবারের পাসওয়ার্ড ফোনে পৌঁছাতে কতটা সময়?,otp_delivery_time,54,0.5133458312716234,0.5908130738896327,False,audited,clean,52764,otp_delivery_time,-0.006065011024475098,-0.02837991714477539,0.0,0.0,Uses 'one-time password' as OTP and asks how long it takes to reach the phone; matches tag.
পোস্টাল ভোট BD-র OTP পেতে ক’মিনিট অপেক্ষা করা ভালো?,otp_delivery_time,55,0.5095689912617863,0.5898629447784017,False,audited,clean,52784,otp_delivery_time,0.016378045082092285,0.10732221603393555,0.14285714285714285,0.0,Directly asks how many minutes to wait to receive the Postal Vote BD OTP.
"পোস্টাল ভোটের OTP আসতে কি খুব বেশি সময় লাগে, নাকি অল্প?",otp_delivery_time,56,0.5056655397332998,0.5858448921983879,False,audited,clean,52770,otp_delivery_time,0.020522236824035645,0.11970639228820801,0.14285714285714285,0.0,"Asks whether the postal vote OTP arrival takes a long or short time, which is a delivery-time question."
নির্বাচন কমিশনের পোস্টাল ভোট প্ল্যাটফর্মে OTP আসার সময় কত?,otp_delivery_time,57,0.5053223911653525,0.5851044414029855,False,audited,clean,52776,otp_delivery_time,0.013748466968536377,0.10928428173065186,0.14285714285714285,0.0,Self-contained question about the arrival time of OTP on the postal vote platform.
পোস্টাল ভোট অ্যাপে OTP আসার টাইমফ্রেম কত?,otp_delivery_time,58,0.5011154114083886,0.5811303763737972,False,audited,clean,52744,otp_delivery_time,0.013258099555969238,0.07255297899246216,0.14285714285714285,0.0,Directly asks the timeframe for OTP arrival in the postal vote app.
পোস্টাল ভোট অ্যাপের SMS OTP পেতে কি মিনিট কয়েক দেরি হতে পারে?,otp_delivery_time,59,0.5008053416559807,0.5806528615210361,False,audited,clean,52762,otp_delivery_time,0.015293240547180176,0.15901726484298706,0.14285714285714285,0.0,Asks whether receiving the SMS OTP can be delayed by a few minutes; clearly about OTP delivery time.
নির্বাচন কমিশনের পোস্টাল ভোট অ্যাপে OTP ডেলিভারি উইন্ডো কত মিনিটের?,otp_delivery_time,60,0.49915110213552744,0.5803664417977455,False,audited,clean,52760,otp_delivery_time,0.018488705158233643,0.07415950298309326,0.14285714285714285,0.0,Asks the OTP delivery window in minutes for the Election Commission postal vote app.
পোস্টাল ভোট অ্যাপের OTP কি অবিলম্বে আসে নাকি সামান্য দেরিতে?,otp_delivery_time,61,0.4968519470322032,0.5772054120440605,False,audited,clean,52779,otp_delivery_time,0.013749361038208008,0.13405996561050415,0.14285714285714285,0.0,Asks whether OTP arrives immediately or with slight delay; clean delivery-time intent.
পোস্টাল ভোটিং অ্যাপের একবারের পাসওয়ার্ড পেতে কত সময় ধরা উচিত?,otp_delivery_time,62,0.49663800283551396,0.5767506604121363,False,audited,clean,52702,otp_delivery_time,-0.00572812557220459,-0.0389590859413147,0.0,0.0,Uses 'one-time password' to mean OTP and asks how much time should be allowed to receive it.
পোস্টাল ভোট অ্যাপের ওটিপি পেতে সাধারণত কতটা বিলম্ব দেখা যায়?,otp_delivery_time,63,0.4951040730616575,0.5762530672453072,False,audited,clean,52772,otp_delivery_time,0.019224464893341064,0.12495630979537964,0.0,0.0,Asks how much delay is usually seen in receiving the postal vote app OTP.
যাচাইকরণ কোড পোস্টাল ভোট অ্যাপ থেকে পেতে আনুমানিক কত মিনিট লাগে?,otp_delivery_time,64,0.4915499379881676,0.5732174402810022,False,audited,clean,52715,otp_delivery_time,0.013319551944732666,0.08370345830917358,0.14285714285714285,0.0,Asks approximately how many minutes it takes to get the verification code from the postal vote app.
পোস্টাল ভোট অ্যাপের ভেরিফিকেশন কোড পেতে কতটা সময় লাগতে পারে?,otp_delivery_time,65,0.49044543906489607,0.5718605940744236,False,audited,clean,52759,otp_delivery_time,0.01403731107711792,0.1101953387260437,0.14285714285714285,0.0,Directly asks how long it may take to receive the postal vote app verification code.
পোস্টাল ভোটিং সিস্টেমে OTP ডেলিভারি সময় সাধারণত কেমন?,otp_delivery_time,66,0.48894998694234837,0.5704053513409866,False,audited,clean,52735,otp_delivery_time,0.02333742380142212,0.11571937799453735,0.14285714285714285,0.0,Asks generally what the OTP delivery time is in the postal voting system.
পোস্টাল ভোট BD-তে SMS কোড আসতে কতটা সময় ধরে বিলম্ব হতে পারে?,otp_delivery_time,67,0.48869250035075373,0.5698663293420183,False,audited,clean,52751,otp_delivery_time,0.01746922731399536,0.13471662998199463,0.14285714285714285,0.0,Asks how long an SMS code arrival may be delayed in Postal Vote BD; fits code delivery timing.
ফোনে পোস্টাল ভোটের ওটিপি মেসেজ পেতে কত মিনিট অপেক্ষা করব?,otp_delivery_time,68,0.486292357703599,0.5682649065759688,False,audited,clean,52708,otp_delivery_time,0.01911342144012451,0.10229545831680298,0.0,0.0,Asks how many minutes to wait for the postal vote OTP message on the phone.
ওটিপি পাওয়ার আগে পোস্টাল ভোট অ্যাপে কতটা সময় ওয়েট করতে হবে?,otp_delivery_time,69,0.4856554980675292,0.5670216880860393,False,audited,clean,52712,otp_delivery_time,0.017510592937469482,0.08830380439758301,0.0,0.0,Asks how long to wait in the postal vote app before receiving OTP; matches tag intent.
ইসি পোস্টাল ভোট সার্ভিসে OTP পাওয়ার সময়সীমা কতটা?,otp_delivery_time,70,0.4845866738097723,0.5664243018850831,False,audited,clean,52706,otp_delivery_time,0.013631343841552734,0.11282563209533691,0.14285714285714285,0.0,Asks the timeframe for receiving OTP in the EC postal vote service.
পোস্টাল ভোটিং অ্যাপের কোড পেতে কি মিনিট কয়েক সময় লাগতে পারে?,otp_delivery_time,71,0.48253750144116053,0.5647890441857214,False,audited,clean,52788,otp_delivery_time,0.01954418420791626,0.09886354207992554,0.14285714285714285,0.0,Asks whether getting the code in the postal voting app can take a few minutes; clean delivery-time query.
পোস্টাল ভোট সার্ভিসে ওটিপি পেতে ক’মিনিট লাগে?,otp_delivery_time,72,0.4821995588889042,0.5644784893967696,False,audited,clean,52726,otp_delivery_time,0.019823729991912842,0.09603381156921387,0.0,0.0,Directly asks how many minutes it takes to receive OTP in the postal vote service.
ইসি পোস্টাল ভোটিং পোর্টাল থেকে পাঠানো OTP কতক্ষণে রিসিভ হবে?,otp_delivery_time,73,0.4807290160264894,0.5628318763769442,False,audited,clean,52789,otp_delivery_time,0.0189896821975708,0.09742593765258789,0.14285714285714285,0.0,Self-contained question asking how long an OTP sent from the EC postal voting portal will take to be received; directly matches OTP delivery time intent.
পোস্টাল ভোট BD-তে ওটিপি মেসেজ আসতে কি কিছুটা সময় লাগে?,otp_delivery_time,74,0.4804420502235122,0.562718670030302,False,audited,clean,52738,otp_delivery_time,0.019808471202850342,0.07020390033721924,0.0,0.0,"Clearly asks whether the OTP message in Postal Vote BD takes some time to arrive, which is about OTP delivery timing."
"পোস্টাল ভোট BD-র OTP কি তৎক্ষণাৎ আসে, নাকি কিছুটা দেরি হয়?",otp_delivery_time,75,0.47981692374339846,0.5624178505041842,False,audited,clean,52707,otp_delivery_time,0.0135422945022583,0.10275644063949585,0.14285714285714285,0.0,Asks if the Postal Vote BD OTP arrives instantly or with delay; this cleanly fits the delivery-time/delay intent.
পোস্টাল ভোট অ্যাপের ওটিপি কত মিনিটে পৌঁছায়?,otp_delivery_time,76,0.4790078004579221,0.5619414068663154,False,audited,clean,52698,otp_delivery_time,0.01617640256881714,0.060717880725860596,0.0,0.0,Directly asks how many minutes the postal vote app OTP takes to arrive; central fit for the tag.
ইসি’র পোস্টাল ভোট পোর্টালের OTP কত দ্রুত আসে?,otp_delivery_time,77,0.4778238966299115,0.5597302216297043,False,audited,clean,52713,otp_delivery_time,0.009757578372955322,0.11825144290924072,0.14285714285714285,0.0,Asks how quickly the OTP for the EC postal vote portal arrives; matches the intended delivery-time question.
ইসি’র পোস্টাল ভোট অ্যাপে OTP রিসিভ টাইম কতটা?,otp_delivery_time,78,0.4774500834586645,0.5599992975432763,False,audited,clean,52773,otp_delivery_time,0.011744081974029541,0.04574841260910034,0.14285714285714285,0.0,Asks the OTP receive time for the EC postal vote app; self-contained and clearly about OTP delivery time.
ইসি পোস্টাল ভোট সার্ভিসে ভেরিফিকেশন কোড পেতে আনুমানিক সময়সীমা কত?,otp_delivery_time,79,0.47657995641330086,0.5594765407105163,False,audited,clean,52768,otp_delivery_time,0.014653921127319336,0.1173168420791626,0.2857142857142857,0.0,Asks the approximate time limit to receive a verification code for EC postal vote service; verification/confirmation code timing is within the tag.
ইসি পোস্টাল ভোট সার্ভিসে OTP পাওয়ার আনুমানিক মিনিট কত?,otp_delivery_time,80,0.47142424297823776,0.5546167564449856,False,audited,clean,52781,otp_delivery_time,0.010740220546722412,0.0941280722618103,0.14285714285714285,0.0,Asks the approximate number of minutes to get an OTP for the EC postal vote service; clearly fits OTP delivery time despite slightly compact phrasing.
পোস্টাল ভোট বিডি অ্যাপে OTP না আসলে কি করব?,otp_not_received,1,0.7275594676437139,0.6794817266396634,True,audited,clean,47500,otp_not_received,0.01370537281036377,0.1100730299949646,0.0,0.0,Self-contained and directly asks what to do if OTP is not received in the Postal Vote BD app.
পোস্টাল ভোট অ্যাপে OTP না পেলে অপেক্ষা করে আবার কিভাবে চাইব?,otp_not_received,2,0.6122491409105113,0.6745721163232539,True,audited,clean,53075,otp_not_received,0.01213771104812622,0.14064961671829224,0.0,0.0,Clearly asks how to request OTP again after not receiving it in the Postal Vote app.
ইসির পোস্টাল ভোট বিডি অ্যাপে ওটিপি না গেলে কীভাবে আগাব?,otp_not_received,3,0.6030343215985764,0.666408184410754,True,audited,clean,53001,otp_not_received,0.01256173849105835,0.08530759811401367,0.0,0.0,Fits the tag by asking how to proceed when OTP does not reach the user in the EC Postal Vote BD app.
পোস্টাল ভোট BD অ্যাপে ৬ ডিজিটের OTP না এলে কীভাবে সমাধান করব?,otp_not_received,4,0.5982246513188343,0.6618526046005108,True,audited,clean,53087,otp_not_received,0.010640382766723633,0.09936779737472534,0.0,0.0,Directly about a 6-digit OTP not arriving in the Postal Vote BD app and seeking a solution.
পোস্টাল ভোট BD অ্যাপে যাচাইকরণ কোড না পৌঁছালে কী করণীয়?,otp_not_received,5,0.5958245284743944,0.6577779081688168,True,audited,clean,53010,otp_not_received,0.005805313587188721,0.09913796186447144,0.0,0.0,Verification code is an OTP-equivalent; the question asks what to do if it does not arrive in the app.
পোস্টাল ভোট BD অ্যাপে OTP পেতে বারবার ব্যর্থ হলে কী করব?,otp_not_received,6,0.5913485392672059,0.656314243443793,True,audited,clean,53017,otp_not_received,0.014474272727966309,0.05430757999420166,0.0,0.0,Self-contained question about repeated failure to receive OTP in the Postal Vote BD app.
Postal Vote BD অ্যাপে OTP না গেলে কি বিকল্প আছে?,otp_not_received,7,0.5880882553694737,0.6522177051436674,True,audited,clean,53020,otp_not_received,0.01287531852722168,0.13935387134552002,0.0,0.0,"Asks about alternatives when OTP is not received/sent in Postal Vote BD, matching the tag intent."
Postal Vote BD অ্যাপে ভেরিফিকেশন কোড না পেলে কী করতে হবে?,otp_not_received,8,0.5872634517817434,0.6520891846311092,True,audited,clean,52997,otp_not_received,0.0035800933837890625,0.11937975883483887,0.0,0.0,Verification code not received in Postal Vote BD is the same user issue as OTP not received.
"পোস্টাল ভোট অ্যাপে OTP আসছে না, কী করতে হবে?",otp_not_received,9,0.5824160144017421,0.6482492942138779,True,audited,clean,53014,otp_not_received,0.006095707416534424,0.09246271848678589,0.0,0.0,"Natural, self-contained question stating OTP is not coming in the Postal Vote app and asking what to do."
পোস্টাল ভোট অ্যাপে ওটিপি কোড না আসলে কী করনীয় ধাপ?,otp_not_received,10,0.5802862976007894,0.6451797909765673,True,audited,clean,53093,otp_not_received,0.009305179119110107,0.08322066068649292,0.0,0.0,"Despite minor wording awkwardness, it clearly asks what steps to take if the OTP code does not arrive."
পোস্টাল ভোটিং BD অ্যাপে ওটিপি না পেলে কখন আবার চেষ্টা করা যাবে?,otp_not_received,11,0.5796342992852025,0.6453414628428784,True,audited,clean,53090,otp_not_received,0.01579505205154419,0.05995583534240723,0.0,0.0,"Asks when to retry after not receiving OTP in Postal Voting BD, within the not-received OTP flow."
Postal Vote BD অ্যাপে OTP মেসেজ না এলে কি অপেক্ষা করতে হবে?,otp_not_received,12,0.5755835474331455,0.6410557410293971,True,audited,clean,53046,otp_not_received,0.00801098346710205,0.0644490122795105,0.0,0.0,Directly concerns an OTP message not arriving in Postal Vote BD and whether to wait.
পোস্টাল ভোট অ্যাপে ওয়ান-টাইম কোড না পেলে আবার কীভাবে চাওয়া যায়?,otp_not_received,13,0.5746881759381239,0.6393011870468674,True,audited,clean,53057,otp_not_received,0.012386977672576904,0.11621952056884766,0.0,0.0,One-time code is an OTP synonym; the question asks how to request it again if not received.
পোস্টাল ভোট BD অ্যাপে OTP না এলে কতোক্ষণ পর আবার চাইব?,otp_not_received,14,0.5721761225510202,0.6386164681754728,True,audited,clean,53040,otp_not_received,0.0018777251243591309,0.07158476114273071,0.0,0.0,Clearly asks how long to wait before requesting OTP again when it does not arrive.
"পোস্টাল ভোট BD অ্যাপে নিশ্চিতকরণ কোড আসছে না, সমাধান কী?",otp_not_received,15,0.5615672813629554,0.6293630613823832,True,audited,clean,52999,otp_not_received,0.004598140716552734,0.07287931442260742,0.0,0.0,Confirmation code not arriving in Postal Vote BD is a clear OTP-not-received scenario.
Postal Vote BD অ্যাপে ৬-সংখ্যার ভেরিফাই কোড না এলে কী করব?,otp_not_received,16,0.5539307515637831,0.6225854153446205,True,audited,clean,53064,otp_not_received,0.0035459399223327637,0.10749554634094238,0.0,0.0,A 6-digit verification code not arriving is a clean OTP-not-received example for Postal Vote BD.
Postal Vote BD অ্যাপে সিকিউরিটি কোড না এলে কী উপায়?,otp_not_received,17,0.5534949106841224,0.6214971662920399,True,audited,clean,53016,otp_not_received,0.0026404857635498047,0.08369922637939453,0.0,0.0,Security code not arriving in the app is an OTP-equivalent not-received issue.
Postal Vote BD-তে সিকিউরিটি OTP না এলে করণীয় কী?,otp_not_received,18,0.5503852990807406,0.6173620361565094,True,audited,clean,53049,otp_not_received,0.0010373592376708984,0.05858278274536133,0.0,0.0,Self-contained question about a security OTP not arriving in Postal Vote BD and what to do.
Postal Vote BD অ্যাপে ভেরিফিকেশন PIN না পেলে কী করব?,otp_not_received,19,0.547346381304086,0.6161313451221099,True,audited,clean,53041,otp_not_received,-0.0008609890937805176,0.07469522953033447,0.0,0.0,Verification PIN not received is close enough to OTP not received in this app context.
Postal Vote BD অ্যাপে ওটিপি আসতে দেরি হলে কীভাবে সামলাব?,otp_not_received,20,0.5431555076695871,0.6114261344934703,True,audited,clean,53026,otp_not_received,0.00590968132019043,0.024592936038970947,0.0,0.0,"Asks what to do when OTP is delayed, which is within the OTP not yet received intent."
পোস্টাল ভোট BD-তে সিকিউরিটি কোড না এলে কীভাবে সমাধান করব?,otp_not_received,21,0.5316584687516175,0.6023678443643318,True,audited,clean,53074,otp_not_received,-0.0010639429092407227,0.02723616361618042,0.0,0.0,Security code not arriving in Postal Vote BD clearly matches the OTP-not-received support intent.
Postal Vote BD অ্যাপে OTP না এলে কতো সময় অপেক্ষা করে আবার নেব?,otp_not_received,22,0.530655591491094,0.6017935353532089,True,audited,clean,53058,otp_not_received,-0.003941535949707031,0.012905538082122803,0.0,0.0,"Asks how long to wait and retry when OTP does not arrive, matching the tag."
পোস্টাল ভোট বিডি অ্যাপে ওটিপি না এলে করণীয় কী?,otp_not_received,23,0.5192733069400799,0.5919784853853025,True,audited,clean,52996,otp_not_received,0.01599174737930298,0.11337310075759888,0.0,0.0,Canonical clean example asking what to do if OTP does not arrive in the Postal Vote BD app.
Postal Vote BD-তে নিশ্চিতকরণ SMS না পেলে রিসেন্ড কোথায় পাব?,otp_not_received,24,0.5184030267055298,0.5869155057342449,True,audited,clean,53088,otp_not_received,0.008819818496704102,0.05168086290359497,0.0,0.0,"Self-contained; asks about a missing confirmation SMS and locating resend in Postal Vote BD, aligned with an OTP-not-received flow."
Postal Vote BD-তে OTP না এলে কতক্ষণ পর পুনরায় চেষ্টা করব?,otp_not_received,25,0.5179329093827918,0.5902740981083706,True,audited,clean,53070,otp_not_received,0.002911806106567383,0.021454155445098877,0.0,0.0,Directly asks when to retry after OTP does not arrive in Postal Vote BD.
পোস্টাল ভোট BD অ্যাপে OTP এসে না পৌঁছালে কী ব্যবস্থা?,otp_not_received,26,0.5166747092392958,0.5893314339060579,True,audited,clean,53062,otp_not_received,0.014210343360900879,0.14872866868972778,0.0,0.0,Self-contained and directly asks what to do when the OTP does not reach the Postal Vote BD app.
পোস্টাল ভোট BD অ্যাপে ভেরিফিকেশন OTP না এলে কীভাবে রিসেন্ড করব?,otp_not_received,27,0.5142586011439222,0.5856506078523593,True,audited,clean,53083,otp_not_received,0.013298630714416504,0.1432884931564331,0.0,0.0,Clearly about a verification OTP not arriving in the Postal Vote BD app and how to resend it.
পোস্টাল ভোটিং BD অ্যাপে OTP না এলে কীভাবে আবার পাঠানো যায়?,otp_not_received,28,0.5093836779604699,0.5823630217720048,True,audited,clean,53036,otp_not_received,0.015181303024291992,0.10591554641723633,0.0,0.0,"Central, self-contained question about resending an OTP when it does not arrive in the Postal Voting BD app."
পোস্টাল ভোট BD অ্যাপে OTP না এলে কি রিসেন্ড করা যাবে?,otp_not_received,29,0.5075342360652391,0.5809263067227911,True,audited,clean,53031,otp_not_received,0.016711115837097168,0.15136456489562988,0.0,0.0,Asks whether an OTP can be resent when not received; a clean OTP-not-received yes/no variant.
Postal Vote BD-তে SMS OTP না পেলে কি করতে হবে?,otp_not_received,30,0.5036120093144529,0.576518119252582,True,audited,clean,53023,otp_not_received,0.019433200359344482,0.13329792022705078,0.0,0.0,Clearly asks what to do if the SMS OTP is not received in Postal Vote BD.
পোস্টাল ভোটিং BD অ্যাপে ওটিপি না পাওয়া গেলে কী পদক্ষেপ নেওয়া উচিৎ?,otp_not_received,31,0.5018318082527464,0.5762563930708314,True,audited,clean,53077,otp_not_received,0.016327500343322754,0.09606277942657471,0.0,0.0,Self-contained central next-steps question for OTP not received in the Postal Voting BD app.
পোস্টাল ভোট BD অ্যাপে কোড ডেলিভার না হলে কী করা উচিত?,otp_not_received,32,0.4929763167828781,0.5678121733615143,True,audited,clean,53053,otp_not_received,0.010909795761108398,0.1120792031288147,0.0,0.0,"Uses code-delivery wording, but in this app context clearly asks about the OTP/verification code not being delivered."
পোস্টাল ভোট BD অ্যাপে কোড না এলে কিভাবে রিকোয়েস্ট করব?,otp_not_received,33,0.4926954289598768,0.5667732113666019,True,audited,clean,53025,otp_not_received,0.013607978820800781,0.12585890293121338,0.0,0.0,"Self-contained; asks how to request the missing verification code in the Postal Vote BD app, aligned with OTP-not-received."
Postal Vote BD-তে নিশ্চিতকরণ OTP না পাওয়া গেলে কী করবেন?,otp_not_received,34,0.4913036692083465,0.5659211212713671,True,audited,clean,53044,otp_not_received,0.015246331691741943,0.10072195529937744,0.0,0.0,Directly asks what to do when the confirmation OTP is not received in Postal Vote BD.
পোস্টাল ভোট BD অ্যাপে কোড না এলেই কীভাবে রিসেন্ড করব?,otp_not_received,35,0.48279774054978386,0.5588873766356627,True,audited,clean,53037,otp_not_received,0.012378692626953125,0.10568338632583618,0.0,0.0,"Self-contained question about the Postal Vote BD app code not arriving and how to resend it, which matches OTP not received."
পোস্টাল ভোট অ্যাপে কোড না এলে কতক্ষণ অপেক্ষা করতে হয়?,otp_not_received,36,0.48276470955585987,0.5564658384617195,True,audited,clean,53084,otp_not_received,-0.010083019733428955,-0.0273934006690979,0.0,0.0,"Asks how long to wait when the code does not arrive in the postal vote app, directly about not receiving the OTP/code."
পোস্টাল ভোট BD-তে ওটিপি রিসিভ না হলে কী করতে বলবেন?,otp_not_received,37,0.4821812516419698,0.5578233525496172,True,audited,clean,53021,otp_not_received,0.01865100860595703,0.07776802778244019,0.0,0.0,Clearly asks what to do if the OTP is not received in Postal Vote BD.
পোস্টাল ভোট BD তে OTP না এলে রিসেন্ডের সময় ব্যবধান কত?,otp_not_received,38,0.4816176824165283,0.5562272617812857,True,audited,clean,53092,otp_not_received,-0.0015265941619873047,-0.03290712833404541,0.0,0.0,"Asks about resend timing when OTP does not arrive, which is within the not-received OTP flow."
"Postal Vote BD অ্যাপে OTP মেলেনি, এরপর কী করব?",otp_not_received,39,0.48160316052713126,0.5567042603453531,True,audited,clean,53011,otp_not_received,0.01321631669998169,0.0847654938697815,0.0,0.0,Asks what to do after not getting the OTP in the Postal Vote BD app; fits the tag intent.
Postal Vote BD অ্যাপে নিশ্চিতকরণ কোড না এলে পরবর্তী পদক্ষেপ কী?,otp_not_received,40,0.481326655472994,0.5573819103994547,True,audited,clean,53094,otp_not_received,0.005352139472961426,0.13445770740509033,0.0,0.0,Confirmation code not arriving in the app is a clear OTP/code not received issue.
Postal Vote BD অ্যাপে OTP মিস করলে আবার কিভাবে নেব?,otp_not_received,41,0.47901855972674,0.5543784003703672,False,audited,clean,53079,otp_not_received,0.015430569648742676,0.08286696672439575,0.0,0.0,Missing the OTP and asking how to get it again is a clear OTP not received/resend scenario.
পোস্টাল ভোট অ্যাপে কোড না পাওয়ার ক্ষেত্রে কী ব্যবস্থা নিতে হবে?,otp_not_received,42,0.47693793722079925,0.5529979254123969,False,audited,clean,53019,otp_not_received,0.006432294845581055,0.134111225605011,0.0,0.0,Asks what action to take when the postal vote app code is not received; fits the tag.
পোস্টাল ভোটিং অ্যাপে ওটিপি না এলে কোন পদক্ষেপ নেব?,otp_not_received,43,0.4742141137324078,0.5509727463858372,False,audited,clean,53012,otp_not_received,0.012302994728088379,0.0511324405670166,0.0,0.0,Directly asks what step to take if OTP does not arrive in the postal voting app.
পোস্টাল ভোট অ্যাপে OTP না এলে কি সাথে সাথে আবার পাঠানো যায়?,otp_not_received,44,0.4719898252433116,0.5484047855839579,False,audited,clean,53089,otp_not_received,0.00933837890625,0.13674724102020264,0.0,0.0,Asks whether the OTP can be resent immediately if it does not arrive; cleanly matches the tag.
পোস্টাল ভোট সেবা অ্যাপে ওয়ান টাইম কোড না পেলে কী করবো?,otp_not_received,45,0.47097452178198645,0.5482631883259866,False,audited,clean,53008,otp_not_received,0.010595262050628662,0.11161965131759644,0.0,0.0,One-time code not being received in the postal vote service app is clearly an OTP not received issue.
পোস্টাল ভোটিং BD অ্যাপে নিশ্চিতকরণ SMS না পেলে কী করণীয়?,otp_not_received,46,0.46942243739145445,0.5453551399044768,False,audited,clean,53068,otp_not_received,0.008222222328186035,0.09487885236740112,0.0,0.0,Confirmation SMS not being received is a clear variant of OTP/code not received.
পোস্টাল ভোট BD-তে ভেরিফাই করার কোড না এলে কী করব?,otp_not_received,47,0.46831291260649294,0.5454863964549435,False,audited,clean,53004,otp_not_received,0.005714833736419678,0.12262332439422607,0.0,0.0,Clear self-contained question about the verification code not arriving in Postal Vote BD.
পোস্টাল ভোটিং BD অ্যাপে OTP ডেলিভারি না হলে কবে আবার চেষ্টা করব?,otp_not_received,48,0.46497595797892544,0.5429976786109726,False,audited,clean,53082,otp_not_received,0.013243436813354492,0.07139694690704346,0.0,0.0,Asks when to try again if OTP delivery fails; clearly within OTP not received/resend handling.
Postal Vote BD-তে SMS কোড না পৌঁছালে কী করব?,otp_not_received,49,0.46360388932965096,0.5403752670808037,False,audited,clean,53038,otp_not_received,0.01373821496963501,0.08819335699081421,0.0,0.0,SMS code not reaching the user is a clear not-received OTP/code question.
"পোস্টাল ভোট অ্যাপে OTP রিসিভ হচ্ছে না, কী করবেন?",otp_not_received,50,0.4632402083025581,0.5416178475753356,False,audited,clean,53033,otp_not_received,0.008496999740600586,0.04175400733947754,0.0,0.0,States OTP is not being received in the postal vote app and asks what to do; clean fit.
পোস্টাল ভোট অ্যাপে কনফার্মেশন কোড না এলে কী করতে বলবেন?,otp_not_received,51,0.46118861390983157,0.5390609784355768,False,audited,clean,53060,otp_not_received,0.006931900978088379,0.12555837631225586,0.0,0.0,Confirmation code not arriving in the postal vote app and asking what to do matches the tag.
পোস্টাল ভোটিং অ্যাপে OTP মিস হলে কী করণীয়?,otp_not_received,52,0.45993586689205046,0.5372551800633224,False,audited,clean,53024,otp_not_received,0.011270225048065186,0.046750545501708984,0.0,0.0,Asks what to do if the OTP is missed; in this context it fits the not-received/resend OTP issue.
Postal Vote BD অ্যাপে কোড না এলেই কীভাবে সমস্যা মেটাব?,otp_not_received,53,0.45933309010306794,0.5367071197104261,False,audited,clean,53007,otp_not_received,0.004926204681396484,0.09181451797485352,0.0,0.0,Asks how to resolve the issue when the app code does not arrive; clean OTP/code not received intent.
Postal Vote BD অ্যাপে ভেরিফিকেশন কোড না পেলে কীভাবে পুনরায় রিকোয়েস্ট করব?,otp_not_received,54,0.45867889257901584,0.5365123453412011,False,audited,clean,53091,otp_not_received,0.007235288619995117,0.09509932994842529,0.0,0.0,Verification code not received and asking how to request again is directly aligned with OTP not received.
Postal Vote BD অ্যাপে ভেরিফাই কোড না এলে কিভাবে পুনরায় নেব?,otp_not_received,55,0.4569051928110158,0.5357786595077272,False,audited,clean,53032,otp_not_received,0.006277024745941162,0.09336167573928833,0.0,0.0,Self-contained Postal Vote BD app question about verification/OTP code not arriving and how to get it again; fits the tag intent.
Postal Vote BD অ্যাপে ভেরিফিকেশন কোড না আসলে আবার কিভাবে পাঠাব?,otp_not_received,56,0.4554481869682113,0.5343010516801727,False,audited,clean,53073,otp_not_received,0.005882918834686279,0.07763671875,0.0,0.0,Clearly asks what to do when the verification code does not arrive and how to send/request it again in Postal Vote BD; fits OTP not received.
পোস্টাল ভোট অ্যাপে ৬ ডিজিটের কোড না পেলে কোন পদক্ষেপ?,otp_not_received,57,0.4544989868054329,0.5325813929521618,False,audited,clean,53039,otp_not_received,0.008490204811096191,0.12831854820251465,0.0,0.0,Asks about a 6-digit code not being received in the postal vote app and what steps to take; clean OTP-not-received example.
পোস্টাল ভোট অ্যাপে ভেরিফাই কোড না এলেই কীভাবে এগোতে হবে?,otp_not_received,58,0.4540413719124301,0.5322864299941409,False,audited,clean,53045,otp_not_received,0.0042533278465271,0.1281282901763916,0.0,0.0,Self-contained question about the verify code not arriving in the postal vote app and how to proceed; matches the tag.
পোস্টাল ভোট BD অ্যাপে কোড না আসলে আবার কবে রিকোয়েস্ট করতে পারি?,otp_not_received,59,0.4509694919061796,0.5305523434190348,False,audited,clean,53048,otp_not_received,0.01038050651550293,0.05386650562286377,0.0,0.0,Asks when the user can request the code again after it does not arrive in the Postal Vote BD app; fits OTP not received/resend handling.
পোস্টাল ভোট বিডি অ্যাপে OTP পাঠাতে কী বাটন ক্লিক করব?,otp_send_button,1,0.7509199008883487,0.7069645892804102,True,audited,clean,47498,otp_send_button,0.01667732000350952,0.205003559589386,0.0,0.0,Self-contained question asking which button to click in Postal Vote BD app to send OTP; directly matches the tag intent.
Postal Vote BD অ্যাপে OTP প্রেরণের জন্য কোন বোতাম ট্যাপ করতে বলবেন?,otp_send_button,2,0.641761776548979,0.7039300757495056,True,audited,clean,53192,otp_send_button,0.019076883792877197,0.20194965600967407,0.0,0.0,Clearly asks which button to tap in the Postal Vote BD app for OTP sending; clean fit.
যাচাইকরণ OTP পাঠাতে পোস্টাল ভোট অ্যাপে কোন বোতাম টিপব?,otp_send_button,3,0.6333121146387172,0.6958978648845656,True,audited,clean,53118,otp_send_button,0.0135650634765625,0.19361943006515503,0.0,0.0,Asks which button to press in the Postal Vote app to send a verification OTP; matches the send-button intent.
যাচাইকরণ OTP পাঠাতে পোস্টাল ভোট BD তে কোন বোতাম ক্লিক করবো?,otp_send_button,4,0.6288216678709747,0.692840722335849,True,audited,clean,53134,otp_send_button,0.015201807022094727,0.1910635232925415,0.0,0.0,Self-contained request for the button to click in Postal Vote BD to send verification OTP; fits the tag.
পোস্টাল ভোট বিডি অ্যাপের মধ্যে ওটিপি পাঠাতে কোনটা ক্লিক করা লাগবে?,otp_send_button,5,0.6221655160527587,0.6871070483727741,True,audited,clean,53117,otp_send_button,0.014772474765777588,0.14725708961486816,0.0,0.0,Directly asks which option to click inside the Postal Vote BD app to send OTP; clean central example.
পোস্টাল ভোটবিডি অ্যাপে OTP পাঠানোর সঠিক বাটন কোনটা?,otp_send_button,6,0.6219709220346619,0.6868991559619623,True,audited,clean,53133,otp_send_button,0.014850974082946777,0.1889570951461792,0.0,0.0,Asks which exact button is for sending OTP in the Postal Vote BD app; clearly within tag intent.
পোস্টাল ভোট অ্যাপে OTP পাঠানোর জন্য ঠিক কোন বোতনটি টাচ করব?,otp_send_button,7,0.6192527646839594,0.6836305475584302,True,audited,clean,53101,otp_send_button,0.01463782787322998,0.1454969048500061,0.0,0.0,Asks which button to touch in the Postal Vote app to send OTP; minor typo does not affect intent.
Postal Vote BD অ্যাপে OTP পাঠাতে কোন গ্রিন বাটনে চাপ দেব?,otp_send_button,8,0.616652884864198,0.6810528054669452,True,audited,clean,53168,otp_send_button,0.015429556369781494,0.19328242540359497,0.0,0.0,Asks which green button to press to send OTP in Postal Vote BD; still specifically about the OTP send button.
পোস্টাল ভোট অ্যাপে যাচাইকরণ কোড পাঠাতে কোন বাটন টিপে দেব?,otp_send_button,9,0.6139422617314098,0.6779279479942465,True,audited,clean,53188,otp_send_button,0.015570521354675293,0.16951465606689453,0.0,0.0,Uses verification code as an OTP synonym and asks which button to press to send it; clean match.
Postal Vote BD তে OTP পাঠাতে ঠিক কোন বাটনে ট্যাপ করব?,otp_send_button,10,0.6136232493448475,0.679125781920246,True,audited,clean,53177,otp_send_button,0.014908134937286377,0.18889933824539185,0.0,0.0,Clearly asks which button to tap in Postal Vote BD to send OTP; clean fit.
পোস্টাল ভোট BD অ্যাপে OTP সেন্ড করতে কোন বাটনটা ধরব?,otp_send_button,11,0.612881437538257,0.6782119260760864,True,audited,clean,53172,otp_send_button,0.012560069561004639,0.1421375274658203,0.0,0.0,"Colloquial wording, but it asks which button to touch/use to send OTP in the app; fits the tag."
পোস্টাল ভোট BD অ্যাপে OTP পাঠানোর জন্য কোন রঙের বাটন প্রেস করতে হয়?,otp_send_button,12,0.6128691126182912,0.6776449706224267,True,audited,clean,53148,otp_send_button,0.01589912176132202,0.19770663976669312,0.0,0.0,Asks which colored button should be pressed to send OTP; still identifies the OTP send button.
যাচাই কোড পাঠানোর জন্য পোস্টাল ভোট অ্যাপে কোন বাটন সিলেক্ট করব?,otp_send_button,13,0.6040353789455024,0.6707755893351646,True,audited,clean,53143,otp_send_button,0.012820959091186523,0.19928443431854248,0.0,0.0,Asks which button to select in Postal Vote app to send a verification code; matches OTP send button intent.
পোস্টাল ভোটবিডি অ্যাপে OTP পাঠানোর জন্য কোনটা ট্যাপ করতেই হবে?,otp_send_button,14,0.6036727047984195,0.6698225623829976,True,audited,clean,53187,otp_send_button,0.011913955211639404,0.11341327428817749,0.0,0.0,Asks what to tap in Postal Vote BD app to send OTP; self-contained and on intent.
Postal Vote BD তে OTP পাঠাতে কোন রঙের বোতামে ট্যাপ করবো?,otp_send_button,15,0.5728208028795339,0.6413898001943594,True,audited,clean,53123,otp_send_button,0.014270663261413574,0.16667520999908447,0.0,0.0,Asks which colored button to tap to send OTP in Postal Vote BD; acceptable variant of identifying the send button.
পোস্টাল ভোট অ্যাপে OTP পাঠানোর কমান্ড কোনটা?,otp_send_button,16,0.570845002209951,0.6392972091259019,True,audited,clean,53109,otp_send_button,0.013497889041900635,0.09761303663253784,0.0,0.0,Asks which command/control is for sending OTP in the Postal Vote app; close and self-contained fit to send-button intent.
OTP পাঠানোর জন্য পোস্টাল Vote BD তে কোন ট্যাব ট্যাপ করবো?,otp_send_button,17,0.5690218813465393,0.6382498435493238,True,audited,clean,53114,otp_send_button,0.011286616325378418,0.07302337884902954,0.0,0.0,"Although it says tab, the question asks what UI control to tap to send OTP in Postal Vote BD; fits the practical send-button intent."
পোস্টাল ভোটবিডি অ্যাপে OTP সেন্ড বাটন কোনটা?,otp_send_button,18,0.5689203102659719,0.6383924345575663,True,audited,clean,53145,otp_send_button,0.007966160774230957,0.13320845365524292,0.0,0.0,Directly asks which is the OTP send button in the Postal Vote BD app; clean fit.
Postal Vote BD তে ওটিপি পাঠাতে কোন কমান্ড বেছে নেব?,otp_send_button,19,0.5614225755736094,0.6307835340975612,True,audited,clean,53147,otp_send_button,0.014426350593566895,0.13989144563674927,0.0,0.0,Asks which command to choose in Postal Vote BD to send OTP; self-contained and aligned with identifying the send control.
পোস্টাল ভোটবিডি অ্যাপে OTP সেন্ড বাটন হিসেবে কোনটা আছে?,otp_send_button,20,0.5577260011401469,0.6293856857017874,True,audited,clean,53181,otp_send_button,0.007438361644744873,0.12231796979904175,0.0,0.0,Directly asks which option exists as the OTP send button in Postal Vote BD; clean match.
পোস্টাল ভোট অ্যাপে নিরাপত্তা কোড পাঠাতে কোনটা ট্যাপ করি?,otp_send_button,21,0.5488201962253412,0.6195476408633397,True,audited,clean,53140,otp_send_button,0.006528496742248535,0.06518101692199707,0.0,0.0,Uses security code as an OTP synonym and asks what to tap to send it in the Postal Vote app; fits the tag.
পোস্টাল ভোট অ্যাপে OTP সেন্ড করার জন্য কোন আইটেম সিলেক্ট করব?,otp_send_button,22,0.5476688898242147,0.6178242780038589,True,audited,clean,53152,otp_send_button,0.007663130760192871,0.07156640291213989,0.0,0.0,Asks which item to select in the Postal Vote app to send OTP; clear UI-control question matching the tag.
পোস্টাল ভোট বিডি অ্যাপে OTP পাঠাতে কোন বোতামে চাপ দেব?,otp_send_button,23,0.5409891117319339,0.613313132354932,True,audited,clean,53095,otp_send_button,0.018266737461090088,0.20146429538726807,0.0,0.0,Self-contained and directly asks which button to press in Postal Vote BD app to send OTP.
OTP প্রেরণের জন্য পোস্টাল ভোট BD অ্যাপে কোন বাটামটা ট্যাপ করবো?,otp_send_button,24,0.5276521524103851,0.6012344257909028,True,audited,clean,53104,otp_send_button,0.015584886074066162,0.17142105102539062,0.0,0.0,Clearly asks which button to tap in the Postal Vote BD app for sending OTP; minor typo does not obscure intent.
"পোস্টাল ভোট BD অ্যাপে ""OTP"" পাঠানোর জন্য কোন বোতাম টিপতে হবে?",otp_send_button,25,0.52675392037726,0.6006037536177169,True,audited,clean,53124,otp_send_button,0.015305936336517334,0.18995821475982666,0.0,0.0,Directly asks which button to press to send OTP in the Postal Vote BD app.
পোস্টাল ভোট অ্যাপে OTP পাঠাতে যে বোতাম টিপতে হয় সেটি কোনটি?,otp_send_button,26,0.5262898993919525,0.5999887835389824,True,audited,clean,53164,otp_send_button,0.01649785041809082,0.18996661901474,0.0,0.0,"Asks which button is used in the Postal Vote app to send OTP, matching the tag intent."
পোস্টাল ভোটবিডি অ্যাপে ওটিপি পাঠাতে কোন লেখা থাকা বাটন চাপব?,otp_send_button,27,0.5248691356017413,0.5989631695916218,True,audited,clean,53113,otp_send_button,0.01488196849822998,0.2057093381881714,0.0,0.0,Asks what labeled button to press to send OTP in the Postal Vote BD app.
পোস্টাল ভোটবিডি অ্যাপে নিরাপত্তা OTP পাঠাতে কোন বোতাম প্রেস করব?,otp_send_button,28,0.522065302926917,0.5955441414681935,True,audited,clean,53175,otp_send_button,0.018108844757080078,0.21498030424118042,0.0,0.0,Mentions OTP and asks which button to press in Postal Vote BD to send it; fits the send-button intent.
ওটিপি পাঠাতে পোস্টাল ভোট অ্যাপে ঠিক কোন বোতাম ট্যাপ করা দরকার?,otp_send_button,29,0.5215752860481931,0.5960098931983399,True,audited,clean,53149,otp_send_button,0.01755213737487793,0.18800240755081177,0.0,0.0,Self-contained question about exactly which Postal Vote app button to tap for sending OTP.
পোস্টাল ভোট BD অ্যাপে কোড পাঠাতে কোন বাটনে চাপ দেব?,otp_send_button,30,0.5202798912491479,0.5938340260662837,True,audited,clean,53111,otp_send_button,0.016390442848205566,0.19615590572357178,0.0,0.0,Asks which button to press to send a code in the Postal Vote BD app; code is a reasonable OTP synonym in this context.
Postal Vote BD তে ওটিপি পাঠাতে কোন বাটনটা সিলেক্ট করা উচিত?,otp_send_button,31,0.5141118802682868,0.588532222603314,True,audited,clean,53189,otp_send_button,0.018190860748291016,0.2343011498451233,0.0,0.0,Clearly asks which button to select in Postal Vote BD to send OTP.
ওটিপি প্রেরণ করতে পোস্টাল ভোট অ্যাপে কোন বাটনে টাচ দেব?,otp_send_button,32,0.5123455963584718,0.5873786901600827,True,audited,clean,53128,otp_send_button,0.013040721416473389,0.1817736029624939,0.0,0.0,Asks which button to touch in the Postal Vote app to send OTP; matches the tag.
পোস্টাল ভোট BD অ্যাপে ওটিপি পাঠাতে কোন বোতনে প্রেস করবো?,otp_send_button,33,0.5121158362738983,0.5866504196219008,True,audited,clean,53142,otp_send_button,0.015833795070648193,0.16425007581710815,0.0,0.0,Direct OTP send-button question despite a small spelling issue in 'বোতনে'.
Postal Vote BD তে ওটিপি পাঠানোর জন্য কোন বোতাম ক্লিক করাই ঠিক?,otp_send_button,34,0.5085456137976772,0.583700375893526,True,audited,clean,53183,otp_send_button,0.02095121145248413,0.25952112674713135,0.0,0.0,Asks which button should be clicked in Postal Vote BD to send OTP; clean tag fit.
ওটিপি পাঠাতে পোস্টাল ভোট অ্যাপে কোন লেবেল থাকা বাটন প্রেস করব?,otp_send_button,35,0.5069193755416028,0.5824754670851514,True,audited,clean,53185,otp_send_button,0.013919055461883545,0.17839926481246948,0.0,0.0,Asks what labeled button to press in the Postal Vote app for sending OTP.
পোস্টাল ভোট BD অ্যাপে কোড পাঠানোর জন্য বেছে নেব কোন বোতাম?,otp_send_button,36,0.5046215777078003,0.5799205706567436,True,audited,clean,53178,otp_send_button,0.015408635139465332,0.21443629264831543,0.0,0.0,"Asks which button to choose in the Postal Vote BD app to send a code, aligning with OTP send-button intent."
পোস্টাল ভোট বিডিতে ওটিপি পাঠাতে কী নামের বোতাম চাপতে হবে?,otp_send_button,37,0.5028166417079535,0.578843104357206,True,audited,clean,53105,otp_send_button,0.016155898571014404,0.19858694076538086,0.0,0.0,Asks the name of the button to press to send OTP in Postal Vote BD; directly on tag.
পোস্টাল ভোট BD অ্যাপ থেকে যাচাইকরণ কোড পাঠাতে কোন বোতাম চাপতে হয়?,otp_send_button,38,0.5026962271478064,0.5782318726422455,True,audited,clean,53099,otp_send_button,0.017400920391082764,0.1885170340538025,0.0,0.0,Uses verification code as an OTP synonym and asks which button sends it in the app.
পোস্টাল ভোটবিডি অ্যাপে কোড পাঠানোর জন্য কী নামের বাটনে টাচ করব?,otp_send_button,39,0.5017120458218971,0.5772858134144996,True,audited,clean,53169,otp_send_button,0.016555309295654297,0.17291367053985596,0.0,0.0,Asks the button name to touch for sending a code in Postal Vote BD; fits OTP send-button intent.
ওটিপি পাঠাতে পোস্টাল ভোট BD অ্যাপের কোন অপশনটি চাপি?,otp_send_button,40,0.5003964199032407,0.5758542469116783,True,audited,clean,53121,otp_send_button,0.013161778450012207,0.1696752905845642,0.0,0.0,Asks which option in the Postal Vote BD app to press to send OTP; button/option wording is acceptable.
Postal Vote BD অ্যাপে ওয়ান টাইম কোড পাঠাতে কোন বোতাম টিপব?,otp_send_button,41,0.4984000873385964,0.573365913894232,False,audited,clean,53144,otp_send_button,0.01713639497756958,0.22052830457687378,0.0,0.0,Asks which button to press to send a one-time code in Postal Vote BD; one-time code matches OTP.
পোস্টাল ভোট BD অ্যাপে ওটিপি পাঠানোর সঠিক অপশন কোনটা?,otp_send_button,42,0.4951845729767896,0.5715420102976058,False,audited,clean,53160,otp_send_button,0.013703644275665283,0.15608704090118408,0.0,0.0,Directly asks for the correct option to send OTP in the Postal Vote BD app.
Postal Vote BD অ্যাপে One-Time কোড পাঠাতে কোন বোতাম চেপে ধরব?,otp_send_button,43,0.4949726045651347,0.5716207143889862,False,audited,clean,53186,otp_send_button,0.016298890113830566,0.20420145988464355,0.0,0.0,Asks which button to use for sending a One-Time code in Postal Vote BD; intent is clear despite 'চেপে ধরব' wording.
Postal Vote BD অ্যাপে যাচাই কোড পাঠাতে কোন বাটন ব্যবহার করব?,otp_send_button,44,0.49468965552238386,0.5708550927991655,False,audited,clean,53126,otp_send_button,0.016573309898376465,0.1823309063911438,0.0,0.0,"Asks which button to use for sending a verification code in Postal Vote BD, matching OTP send-button intent."
পোস্টাল ভোট BD অ্যাপে যাচাইকরণ কোড প্রেরণের বাটন কোনটি?,otp_send_button,45,0.49397445420517083,0.5707193103490712,False,audited,clean,53154,otp_send_button,0.014486253261566162,0.1999453902244568,0.0,0.0,Self-contained question asking which button sends a verification code in the Postal Vote BD app.
পোস্টাল ভোট BD অ্যাপে কোড পাঠাতে কোন অপশনটা ট্যাপ করবো?,otp_send_button,46,0.4936801023487287,0.5705305792314511,False,audited,clean,53184,otp_send_button,0.01115727424621582,0.12361663579940796,0.0,0.0,Asks which option to tap to send a code in Postal Vote BD; close fit for OTP send-button.
Postal Vote BD অ্যাপে ওটিপি সেন্ড করার জন্য কোন বাটন ট্যাপ করতে হবে?,otp_send_button,47,0.49357159092351044,0.5701412605838344,False,audited,clean,53096,otp_send_button,0.013966798782348633,0.17407995462417603,0.0,0.0,Self-contained question asking which button to tap in Postal Vote BD to send an OTP; directly matches the tag.
Postal Vote BD তে ওটিপি পাঠাতে কোন বোতাম টাচ করতে বলবেন?,otp_send_button,48,0.4932030239458096,0.5699700044806479,False,audited,clean,53153,otp_send_button,0.014999926090240479,0.2672441005706787,0.0,0.0,Clearly asks which button to touch in Postal Vote BD to send an OTP.
Postal Vote BD তে ওয়ান-টাইম কোড পাঠাতে কোন বাটন টাচ করতে হয়?,otp_send_button,49,0.49279826808834065,0.5694264888998085,False,audited,clean,53119,otp_send_button,0.01988452672958374,0.21210521459579468,0.0,0.0,Uses 'one-time code' as an OTP synonym and asks which button to touch to send it in Postal Vote BD.
পোস্টাল ভোটবিডি অ্যাপে ভেরিফিকেশন কোড পাঠানোর জন্য কোন বাটনে ক্লিক দেব?,otp_send_button,50,0.4900624390326976,0.5667734460211055,False,audited,clean,53139,otp_send_button,0.014437258243560791,0.1656516194343567,0.0,0.0,"Asks which button to click to send a verification code in the Postal Vote BD app, matching OTP send-button intent."
ওটিপি পাঠানোর কাজটা করতে পোস্টাল ভোট অ্যাপে কোনটা ক্লিক করা উচিত?,otp_send_button,51,0.48882459198341016,0.5661038731788,False,audited,clean,53155,otp_send_button,0.01217794418334961,0.12377077341079712,0.0,0.0,Self-contained and asks which UI control to click in Postal Vote app to perform OTP sending.
ওটিপি পাঠাতে পোস্টাল ভোট অ্যাপের কোন রঙের বোতাম টিপব?,otp_send_button,52,0.48606096370017277,0.5631248366629522,False,audited,clean,53179,otp_send_button,0.014115452766418457,0.1834074854850769,0.0,0.0,Asks which colored button to press to send OTP in the Postal Vote app; still about identifying the OTP send button.
ভেরিফাই কোড পাঠাতে পোস্টাল ভোটবিডি অ্যাপে কোন বাটন ক্লিক করা উচিত?,otp_send_button,53,0.48571944967652375,0.5636258735706082,False,audited,clean,53108,otp_send_button,0.01425844430923462,0.17029905319213867,0.0,0.0,Asks which button to click in Postal Vote BD to send a verify/verification code; fits OTP send-button intent.
ওটিপি পাঠাতে পোস্টাল ভোট অ্যাপে কোন অপশন সিলেক্ট করব?,otp_send_button,54,0.4843567369840143,0.5618397462938916,False,audited,clean,53098,otp_send_button,0.01250910758972168,0.11905211210250854,0.0,0.0,Asks which option to select to send OTP in Postal Vote app; the intended UI action matches the send-button tag.
Postal Vote BD তে ওয়ান-টাইম পাসওয়ার্ড পাঠাতে কী চাপব?,otp_send_button,55,0.48430546518711115,0.5605487749774812,False,audited,clean,53136,otp_send_button,-0.0019580721855163574,-0.030754148960113525,0.0,0.0,"Asks what to press in Postal Vote BD to send a one-time password, a clear OTP send-button question."
Postal Vote BD অ্যাপে কোড পাঠানোর বাটামটা কোথায় কোনটা চাপতে হবে?,otp_send_button,56,0.4837206104302007,0.5611559040570359,False,audited,clean,53150,otp_send_button,0.014555811882019043,0.13435959815979004,0.0,0.0,"Although wording is a bit awkward, it asks which code-sending button to press in Postal Vote BD, fitting the tag."
ওটিপি পাঠাতে পোস্টাল ভোট অ্যাপে কোন আইকন ট্যাপ করব?,otp_send_button,57,0.48358803101281334,0.5609781161300617,False,audited,clean,53131,otp_send_button,0.011004030704498291,0.1361759901046753,0.0,0.0,Asks which icon/control to tap for sending OTP in the Postal Vote app; aligned with the send-button intent.
পোস্টাল ভোট বিডিতে কোড পাঠানোর বাটন হিসেবে কোনটা ধরব?,otp_send_button,58,0.4828200269323142,0.5604031992246606,False,audited,clean,53137,otp_send_button,0.016163885593414307,0.17963707447052002,0.0,0.0,Asks which control should be treated as the code-sending button in Postal Vote BD; clear enough for this tag.
পোস্টাল ভোট BD অ্যাপে নিরাপত্তা কোড পাঠাতে কোন বোতামে টাচ করব?,otp_send_button,59,0.48010949032997163,0.5577431357647737,False,audited,clean,53190,otp_send_button,0.012645900249481201,0.16853594779968262,0.0,0.0,Asks which button to touch to send a security code in Postal Vote BD; security code is an OTP-like synonym.
Postal Vote BD অ্যাপে ভেরিফিকেশন কোড পাঠাতে কোন বাটাম চাপবো?,otp_send_button,60,0.4798636212358378,0.5576657664470647,False,audited,clean,53132,otp_send_button,0.013506948947906494,0.13266891241073608,0.0,0.0,Asks which button to press in Postal Vote BD to send a verification code; direct fit.
পোস্টাল ভোট অ্যাপে ভেরিফাই কোড পাঠাতে কোন বোতাম ক্লিক করব?,otp_send_button,61,0.47932658674078676,0.5576731086767468,False,audited,clean,53167,otp_send_button,0.01532602310180664,0.16827261447906494,0.0,0.0,Clearly asks which button to click in Postal Vote app to send a verify code; matches OTP send-button intent.
পোস্টাল ভোট অ্যাপে ওটিপি পাঠাতে কোনটা সিলেক্ট করলেই হবে?,otp_send_button,62,0.4779035103979125,0.5563399765800147,False,audited,clean,53170,otp_send_button,0.01168912649154663,0.11000221967697144,0.0,0.0,Asks which control to select in Postal Vote app to send OTP; self-contained and on-tag.
Postal Vote BD অ্যাপে নিরাপত্তা কোড পাঠানোর অপশন হিসেবে কোন বাটন ধরব?,otp_send_button,63,0.4770027308487464,0.5547007963697407,False,audited,clean,53165,otp_send_button,0.010895252227783203,0.17555516958236694,0.0,0.0,Asks which button/option is used to send a security code in Postal Vote BD; fits OTP send-button intent.
"Postal Vote BD অ্যাপে যাচাই কোড পাঠাতে যে বোতাম লাগে, সেটি কোনটি?",otp_send_button,64,0.47103098917314234,0.5496166999156625,False,audited,clean,53180,otp_send_button,0.014046788215637207,0.18945837020874023,0.0,0.0,Asks which button is needed to send a verification code in Postal Vote BD; clean match.
Postal Vote BD অ্যাপে নিরাপত্তা কোড পাঠাতে কোন বোতামটি বাছাই করব?,otp_send_button,65,0.47003545848167566,0.549150654753621,False,audited,clean,53116,otp_send_button,0.011156439781188965,0.17203295230865479,0.0,0.0,Asks which button to choose to send a security code in Postal Vote BD; clear OTP send-button question.
ওটিপি সেন্ড করতে পোস্টাল ভোট অ্যাপে ঠিক কোনটা প্রেস করব?,otp_send_button,66,0.4694460429246796,0.5475025941612891,False,audited,clean,53125,otp_send_button,0.01042485237121582,0.10167545080184937,0.0,0.0,Asks exactly what to press in Postal Vote app to send OTP; directly matches the tag.
Postal Vote BD অ্যাপে ভেরিফিকেশন কোড পাঠাতে কোন ট্যাব চাপবো?,otp_send_button,67,0.46362379906237405,0.543262613477717,False,audited,clean,53174,otp_send_button,0.014778733253479004,0.05821043252944946,0.0,0.0,"Asks which tab/button to press in Postal Vote BD to send a verification code, which matches the OTP send button intent."
ওটিপি সেন্ড করার জন্য পোস্টাল ভোট অ্যাপে কোনটা প্রেস দিলে হবে?,otp_send_button,68,0.4633165271477547,0.5435370734502263,False,audited,clean,53191,otp_send_button,0.009972333908081055,0.12557768821716309,0.0,0.0,Self-contained question asking what to press in Postal Vote app to send OTP; cleanly fits the tag.
Postal Vote BD তে যাচাইকরণ কোড পাঠাতে কোন বোতাম ব্যবহার করতে হবে?,otp_send_button,69,0.4621687022292561,0.5422551923197854,False,audited,clean,53171,otp_send_button,0.01495903730392456,0.19396376609802246,0.0,0.0,Clearly asks which button is needed to send a verification code in Postal Vote BD; verification code maps to OTP sending.
পোস্টাল ভোট BD অ্যাপে ওয়ান টাইম পাসওয়ার্ড পাঠাতে কোন বোতামে ট্যাপ করব?,otp_send_button,70,0.45757704723540266,0.5370884667577455,False,audited,clean,53107,otp_send_button,0.009933710098266602,0.04319775104522705,0.0,0.0,"Asks which button to tap to send a one-time password in Postal Vote BD, a clear OTP send button question."
পোস্টাল ভোট অ্যাপে ওটিপি সেন্ডের জন্য কোন অপশন প্রেস করতে হবে?,otp_send_button,71,0.45721872066861197,0.5375248589465611,False,audited,clean,53135,otp_send_button,0.01087343692779541,0.1115257740020752,0.0,0.0,"Directly asks which option to press for OTP send in the Postal Vote app, matching the tag intent."
Postal Vote BD তে OTP প্রেরণের অপশন কোনটি?,otp_send_button,72,0.45509361896954603,0.5346441766569834,False,audited,clean,53141,otp_send_button,0.010385394096374512,0.1223028302192688,0.0,0.0,"Asks which option is for OTP sending in Postal Vote BD, fitting the OTP send button concept."
যাচাইকরণ কোড প্রেরণের জন্য পোস্টাল ভোট অ্যাপে কোন অপশন টাচ করব?,otp_send_button,73,0.4534992783331909,0.5335285627449305,False,audited,clean,53112,otp_send_button,0.007168829441070557,0.1379649043083191,0.0,0.0,"Asks which option to touch in the Postal Vote app to send a verification code, matching OTP send/request button intent."
