question,tag_clean,rank,final_score,composite_score,production_recommended,audit_status,reason_code,row_id,original_tag,e5_margin,gemma_margin,token_alignment,artifact_score,rationale,review_decision,review_reason_code,review_rationale
পোস্টাল ভোট BD-তে SMS OTP ইনবক্সে আসতে আনুমানিক কতক্ষণ লাগে?,otp_delivery_time,1,0.7537596182319162,0.710305433214019,True,audited,clean,52700,otp_delivery_time,0.017995536327362,0.1045021414756774,0.2857142857142857,0.0,Self-contained question about how long an SMS OTP takes to arrive in the inbox for Postal Vote BD.,not_reviewed,,
পোস্টাল ভোট অ্যাপে OTP পেতে কি কয়েক মিনিট লাগতে পারে?,otp_delivery_time,2,0.6436916035678842,0.7079663260291601,True,audited,clean,52730,otp_delivery_time,0.021127700805664,0.0964531302452087,0.1428571428571428,0.0,"Clearly asks whether receiving the OTP in the Postal Vote app can take a few minutes, matching OTP delivery-time intent.",not_reviewed,,
পোস্টাল ভোটিং সিস্টেমের OTP পেতে আনুমানিক কত মিনিট অপেক্ষা করব?,otp_delivery_time,3,0.6419598098007905,0.7079899892159811,True,audited,clean,52757,otp_delivery_time,0.019500195980072,0.1166713833808898,0.2857142857142857,0.0,Directly asks the approximate waiting time to receive an OTP in the postal voting system.,not_reviewed,,
পোস্টাল ভোট বিডি অ্যাপে OTP আসতে কতক্ষণ সময় লাগে?,otp_delivery_time,4,0.6376259483410122,0.7040875801134805,True,audited,clean,47499,otp_delivery_time,0.016004741191864,0.0770263075828552,0.1428571428571428,0.0,Direct clean example asking how long OTP arrival takes in the Postal Vote BD app.,not_reviewed,,
পোস্টাল ভোট BD অ্যাপে OTP পেতে সাধারণত কতক্ষণ অপেক্ষা করতে হয়?,otp_delivery_time,5,0.6357135030702556,0.703393710665815,True,audited,clean,52697,otp_delivery_time,0.0161579251289367,0.0924426317214965,0.1428571428571428,0.0,Asks the usual wait time to get an OTP in the Postal Vote BD app; self-contained and on tag.,not_reviewed,,
নির্বাচন কমিশনের পোস্টাল ভোট অ্যাপের ওটিপি পেতে আনুমানিক সময় কত?,otp_delivery_time,6,0.6343545525365042,0.7010500094091237,True,audited,clean,52732,otp_delivery_time,0.0227286219596862,0.0969262719154357,0.1428571428571428,0.0,Asks the estimated time to receive the OTP for the Election Commission postal vote app.,not_reviewed,,
ইসি’র পোস্টাল ভোট সেবার OTP পাওয়ায় সাধারণত কেমন সময় লাগে?,otp_delivery_time,7,0.6307468193841392,0.6977170881271009,True,audited,clean,52755,otp_delivery_time,0.020965039730072,0.1265819072723388,0.1428571428571428,0.0,Intent is clear: asks the usual time needed to receive an OTP for the EC postal vote service.,not_reviewed,,
পোস্টাল ভোট BD OTP পৌঁছাতে কত সময় ধরে অপেক্ষা করতে হয়?,otp_delivery_time,8,0.6290170962960262,0.6971600801314367,True,audited,clean,52721,otp_delivery_time,0.016668677330017,0.0865206718444824,0.1428571428571428,0.0,Clearly asks how long to wait for a Postal Vote BD OTP to arrive.,not_reviewed,,
নির্বাচন কমিশনের পোস্টাল ভোট অ্যাপের OTP ইনবক্সে আসার সময় সাধারণত কত?,otp_delivery_time,9,0.625053883606016,0.6925562159789294,True,audited,clean,52786,otp_delivery_time,0.0190237164497375,0.070569097995758,0.2857142857142857,0.0,Asks the usual time for an OTP to arrive in the inbox for the Election Commission postal vote app.,not_reviewed,,
পোস্টাল ভোট BD OTP আসতে কত মিনিট সময় নেয় সাধারণত?,otp_delivery_time,10,0.6222251545818825,0.6907329970454708,True,audited,clean,52766,otp_delivery_time,0.0140734314918518,0.0874199271202087,0.1428571428571428,0.0,Self-contained question about how many minutes a Postal Vote BD OTP usually takes to arrive.,not_reviewed,,
পোস্টাল ভোট BD-র যাচাইকরণ OTP ইনবক্সে আসতে সময় কত?,otp_delivery_time,11,0.6217080546836901,0.6899740329409904,True,audited,clean,52728,otp_delivery_time,0.0140390396118164,0.0621823072433471,0.2857142857142857,0.0,Asks how long a verification OTP takes to arrive in the inbox for Postal Vote BD.,not_reviewed,,
পোস্টাল ভোট অ্যাপের সিকিউরিটি কোড আসতে প্রায় কতক্ষণ লাগে?,otp_delivery_time,12,0.6156503158672773,0.6820263948856226,True,audited,clean,52705,otp_delivery_time,0.0142588019371032,0.0968865156173706,0.2857142857142857,0.0,Security code arrival time for the Postal Vote app fits the OTP/confirmation code delivery-time tag.,not_reviewed,,
পোস্টাল ভোট BD অ্যাপ থেকে OTP রিসিভ হতে সাধারণত কত মিনিট লাগে?,otp_delivery_time,13,0.6099553467626279,0.6797912397839929,True,audited,clean,52746,otp_delivery_time,0.01094651222229,0.042831540107727,0.1428571428571428,0.0,Directly asks how many minutes it usually takes to receive OTP from the Postal Vote BD app.,not_reviewed,,
পোস্টাল ভোটের জন্য পাঠানো ভেরিফিকেশন কোড আসতে গড়ে কত মিনিট লাগে?,otp_delivery_time,14,0.6089011298053103,0.6775403133153809,True,audited,clean,52734,otp_delivery_time,0.0184588432312011,0.0925318002700805,0.1428571428571428,0.0,Verification code sent for postal vote and its average arrival time clearly matches the tag.,not_reviewed,,
পোস্টাল ভোট BD অ্যাপে নিশ্চিতকরণ কোড ইনবক্সে আসতে কতক্ষণ ধরে সময় নেয়?,otp_delivery_time,15,0.607051884500591,0.6759834359424816,True,audited,clean,52756,otp_delivery_time,0.0124983191490173,0.0548611283302307,0.1428571428571428,0.0,"Despite slightly wordy phrasing, it clearly asks how long a confirmation code takes to arrive in the inbox.",not_reviewed,,
পোস্টাল ভোট সিস্টেমে OTP আসার গড় সময় কত?,otp_delivery_time,16,0.6066739101278241,0.6762205112478518,True,audited,clean,52718,otp_delivery_time,0.0184418559074401,0.0877162218093872,0.1428571428571428,0.0,Asks the average arrival time of an OTP in the postal vote system; clean and self-contained.,not_reviewed,,
ইসি’র পোস্টাল ভোটিং অ্যাপ থেকে পাঠানো OTP কতক্ষণে মিলে?,otp_delivery_time,17,0.6049422366885996,0.6746194211396718,True,audited,clean,52727,otp_delivery_time,0.0157425999641418,0.0865411758422851,0.1428571428571428,0.0,Asks how long it takes to receive an OTP sent from the EC postal voting app.,not_reviewed,,
ইসি’র পোস্টাল ভোট বিডি অ্যাপ থেকে ভেরিফিকেশন কোড আসতে কতটা সময় লাগে?,otp_delivery_time,18,0.6039601538772996,0.6738002719670682,True,audited,clean,52699,otp_delivery_time,0.0158401727676391,0.0976600050926208,0.1428571428571428,0.0,Asks the time required for a verification code to arrive from the EC Postal Vote BD app.,not_reviewed,,
Postal Vote BD অ্যাপের সিকিউরিটি কোড আসতে কতটা সময় ধরে অপেক্ষা করতে হয়?,otp_delivery_time,19,0.5974673700858179,0.6681801571694634,True,audited,clean,52783,otp_delivery_time,0.0089344978332519,0.0800244808197021,0.2857142857142857,0.0,Security code arrival wait time for the Postal Vote BD app is directly within this tag.,not_reviewed,,
পোস্টাল ভোট অ্যাপে কোড জেনারেট হওয়ার পর ফোনে পৌঁছাতে কতক্ষণ লাগে?,otp_delivery_time,20,0.5958458033537135,0.6660734280286824,True,audited,clean,52747,otp_delivery_time,0.0183096528053283,0.0903690457344055,0.0,0.0,"Asks how long a generated code takes to reach the phone in the Postal Vote app, matching code delivery time.",not_reviewed,,
পোস্টাল ভোট BD অ্যাপে কোড পেতে কি ২–৩ মিনিটের মতো অপেক্ষা করতে হয়?,otp_delivery_time,21,0.5952947549264617,0.6650413332814961,True,audited,clean,52771,otp_delivery_time,0.0163383483886718,0.0863157510757446,0.1428571428571428,0.0,Asks whether receiving the code in the Postal Vote BD app requires a 2–3 minute wait.,not_reviewed,,
পোস্টাল ভোটিং অ্যাপে সিকিউরিটি কোড পেতে কতক্ষণ ধৈর্য ধরতে হবে?,otp_delivery_time,22,0.5926139361187801,0.6643725140946325,True,audited,clean,52719,otp_delivery_time,0.0119605064392089,0.0895267128944397,0.2857142857142857,0.0,Asks how long to wait to get a security code in the postal voting app; clear tag fit.,not_reviewed,,
পোস্টাল ভোটিং অ্যাপের একবারের কোড পৌঁছাতে কত মিনিট সময় লাগে?,otp_delivery_time,23,0.5917660930113184,0.6631146558137577,True,audited,clean,52739,otp_delivery_time,0.0179110169410705,0.0702103972434997,0.0,0.0,One-time code delivery time for the postal voting app is effectively OTP delivery time.,not_reviewed,,
ইসি পোস্টাল ভোট অ্যাপে কোড ডেলিভারি হতে আনুমানিক কতক্ষণ সময় নেয়?,otp_delivery_time,24,0.5908610909749195,0.6619654755436581,True,audited,clean,52794,otp_delivery_time,0.0218906998634338,0.0943962931632995,0.0,0.0,"Asks the estimated code delivery time in the EC postal vote app, which matches OTP/security-code timing.",not_reviewed,,
Postal Vote BD-এর OTP কি মিনিট খানেক পর আসে?,otp_delivery_time,25,0.5889973766629059,0.6597040431680208,True,audited,clean,52748,otp_delivery_time,0.0178191661834716,0.0722987651824951,0.1428571428571428,0.0,"Directly asks whether the Postal Vote BD OTP arrives after about a minute, which is about OTP delivery time.",not_reviewed,,
পোস্টাল ভোট BD-তে কোড পৌঁছাতে সাধারণত কতক্ষণ লাগে বলবেন?,otp_delivery_time,26,0.5882392576024436,0.6596936883639954,True,audited,clean,52761,otp_delivery_time,0.0138037204742431,0.0752230286598205,0.0,0.0,"Asks how long it usually takes for the code to reach Postal Vote BD, fitting code delivery time.",not_reviewed,,
পোস্টাল ভোট BD-তে OTP না এলে কতক্ষণ অপেক্ষা করা উচিত?,otp_delivery_time,27,0.5881503861880063,0.6607091916863842,True,audited,clean,52724,otp_delivery_time,0.0093779563903808,0.0560770630836486,0.1428571428571428,0.0,"Asks how long to wait if the OTP has not arrived in Postal Vote BD, matching OTP delivery/wait time intent.",not_reviewed,,
পোস্টাল ভোট BD অ্যাপ থেকে নিশ্চিতকরণ SMS পেতে সাধারণত কত মিনিট লাগে?,otp_delivery_time,28,0.586628566956714,0.6575039950454503,True,audited,clean,52795,otp_delivery_time,0.0088626742362976,0.0931507349014282,0.1428571428571428,0.0,"Asks how many minutes it usually takes to receive a confirmation SMS from the Postal Vote BD app, aligned with confirmation code delivery timing.",not_reviewed,,
Postal Vote BD অ্যাপ থেকে OTP কি সাথে সাথে না এসে একটু সময় নেয়?,otp_delivery_time,29,0.5845663535259118,0.6559245251160939,True,audited,clean,52758,otp_delivery_time,0.0128939747810363,0.0493541955947876,0.1428571428571428,0.0,"Asks whether the OTP from the app comes immediately or takes some time, which is a delivery-time question.",not_reviewed,,
Postal Vote BD-তে SMS OTP পাওয়ার গড় সময় কত মিনিট?,otp_delivery_time,30,0.5825538911057337,0.6537358517567674,True,audited,clean,52792,otp_delivery_time,0.0107040405273437,0.1055024266242981,0.1428571428571428,0.0,Clearly asks the average time in minutes to receive an SMS OTP for Postal Vote BD.,not_reviewed,,
ইসি পোস্টাল ভোট অ্যাপের এককালীন পাসকোড আসতে কত মিনিট সময় নেয়?,otp_delivery_time,31,0.5808401004836111,0.6525162187246092,True,audited,clean,52720,otp_delivery_time,0.0116068720817565,0.016969084739685,0.1428571428571428,0.0,"One-time passcode is an OTP concept, and the row asks how many minutes it takes to arrive in the postal vote app.",not_reviewed,,
পোস্টাল ভোট অ্যাপের এসএমএস ওটিপি ইনবক্সে ঢুকতে গড়ে কতক্ষণ লাগে?,otp_delivery_time,32,0.5772541239230321,0.649773451554497,True,audited,clean,52709,otp_delivery_time,0.0162507891654968,0.0648679137229919,0.0,0.0,"Asks how long the SMS OTP takes to enter the inbox on average, a clean OTP delivery-time query.",not_reviewed,,
Postal Vote BD অ্যাপের যাচাইকরণ কোড সাধারণত কত মিনিট পরে আসে?,otp_delivery_time,33,0.5755146310961016,0.64765696011821,True,audited,clean,52703,otp_delivery_time,0.0106367468833923,0.0933390855789184,0.0,0.0,Directly asks after how many minutes the verification code usually arrives in the Postal Vote BD app.,not_reviewed,,
Postal Vote BD-র যাচাইকরণ কোড আসতে কত সময় ধরে ধৈর্য ধরতে হবে?,otp_delivery_time,34,0.5754030975961453,0.6479589232281578,True,audited,clean,52774,otp_delivery_time,0.0113735198974609,0.0936033725738525,0.1428571428571428,0.0,"Asks how long to wait for the verification code to arrive for Postal Vote BD, fitting the tag.",not_reviewed,,
Postal Vote BD অ্যাপে কোড পেতে কত মিনিট ধরে ওয়েট করতে হবে?,otp_delivery_time,35,0.5731962138200065,0.6457276287605159,True,audited,clean,52731,otp_delivery_time,0.0092372894287109,0.0689954161643982,0.1428571428571428,0.0,"Asks how many minutes to wait to get the code in the Postal Vote BD app, matching delivery time.",not_reviewed,,
পোস্টাল ভোট BD অ্যাপে রিসেন্ড দিলে ওটিপি আসতে কতক্ষণ লাগে?,otp_delivery_time,36,0.5718030884563977,0.645043189458823,True,audited,clean,52714,otp_delivery_time,0.0067628622055053,0.0326467156410217,0.0,0.0,"Although it mentions resend, the core question is how long the OTP takes to arrive, so it fits delivery time.",not_reviewed,,
পোস্টাল ভোটিং BD অ্যাপে ওটিপি পৌঁছাতে গড় সময় কত মিনিট?,otp_delivery_time,37,0.5705615721719921,0.644396287417645,True,audited,clean,52777,otp_delivery_time,0.0129435658454895,0.0522411465644836,0.0,0.0,Asks the average number of minutes for the OTP to reach the Postal Voting BD app.,not_reviewed,,
পোস্টাল ভোটিং BD অ্যাপে কোড রিসিভ হতে সাধারণত কত মিনিট সময় লাগে?,otp_delivery_time,38,0.5645583492213477,0.6384927676134179,True,audited,clean,52711,otp_delivery_time,0.009126603603363,0.0403487682342529,0.0,0.0,Asks how many minutes it usually takes to receive the code in the Postal Voting BD app.,not_reviewed,,
পোস্টাল ভোট অ্যাপে OTP না এলে কি কিছু মিনিট অপেক্ষা করা উচিত?,otp_delivery_time,39,0.5607223350420657,0.6348946675757431,True,audited,clean,52765,otp_delivery_time,0.0068671703338623,-0.0060269832611083,0.1428571428571428,0.0,"Asks whether one should wait a few minutes if the OTP has not arrived, which is tied to expected OTP delivery timing.",not_reviewed,,
পোস্টাল ভোট BD-তে ভেরিফিকেশন SMS পেতে কী পরিমাণ সময় লাগে?,otp_delivery_time,40,0.5602964188876038,0.6347427569155544,True,audited,clean,52780,otp_delivery_time,0.0075529217720031,0.1015931963920593,0.0,0.0,Asks what amount of time is needed to receive a verification SMS in Postal Vote BD.,not_reviewed,,
ইসি পোস্টাল ভোটিং পোর্টালের সিকিউরিটি কোড পেতে সময় কত ধরে?,otp_delivery_time,41,0.5569763672842011,0.6310470863480167,False,audited,clean,52745,otp_delivery_time,0.0127850770950317,0.1000053286552429,0.2857142857142857,0.0,"Asks the time needed to receive the security code for the EC postal voting portal, matching the security-code delivery-time intent.",not_reviewed,,
"Postal Vote BD থেকে পাঠানো সিকিউরিটি কোড কতক্ষণে আসে, কোনো ধারণা?",otp_delivery_time,42,0.554315190885967,0.6295191479907836,False,audited,clean,52753,otp_delivery_time,0.0133012533187866,0.0988786816596984,0.1428571428571428,0.0,Asks how long a security code sent by Postal Vote BD takes to arrive.,not_reviewed,,
পোস্টাল ভোটিং অ্যাপে যাচাইকরণ কোড পেতে কি একটু অপেক্ষা করতে হবে?,otp_delivery_time,43,0.5509388917115555,0.6259075657780127,False,audited,clean,52750,otp_delivery_time,0.007056176662445,0.0580295324325561,0.1428571428571428,0.0,"Asks whether waiting is needed to get the verification code in the postal voting app, which concerns code delivery timing.",not_reviewed,,
পোস্টাল ভোটিং অ্যাপের সিকিউরিটি কোড ইনবক্সে ঢুকতে কি কয়েক মিনিট লাগে?,otp_delivery_time,44,0.5483764699458158,0.623524395094978,False,audited,clean,52767,otp_delivery_time,0.0107781291007995,0.0510629415512084,0.1428571428571428,0.0,"Asks whether the security code takes a few minutes to reach the inbox, a clean delivery-time question.",not_reviewed,,
Postal Vote BD-এর ওটিপি ইনবক্সে ঢুকতে কতক্ষণ সময় নেয়?,otp_delivery_time,45,0.5474530879992168,0.6229786483020199,False,audited,clean,52737,otp_delivery_time,0.0109680891036987,0.022357702255249,0.0,0.0,Directly asks how long the OTP takes to enter the inbox for Postal Vote BD.,not_reviewed,,
পোস্টাল ভোট অ্যাপে এককালীন পাসকোড পেতে কি একটু সময় নেওয়া স্বাভাবিক?,otp_delivery_time,46,0.5397748922615584,0.6146702556587119,False,audited,clean,52782,otp_delivery_time,0.0091725587844848,0.0303295254707336,0.1428571428571428,0.0,"Asks whether it is normal for the one-time passcode to take some time to be received, fitting OTP/passcode delivery timing.",not_reviewed,,
পোস্টাল ভোট সার্ভিসের OTP আসতে কি অল্প সময় লাগে?,otp_delivery_time,47,0.5339748707375519,0.6109735946493844,False,audited,clean,52793,otp_delivery_time,0.0243494510650634,0.1229526996612548,0.1428571428571428,0.0,"Asks whether the Postal Vote service OTP takes a short time to arrive, which is about OTP delivery time.",not_reviewed,,
পোস্টাল ভোট অ্যাপের OTP সাধারণত কত মিনিট বিলম্বে পৌঁছায়?,otp_delivery_time,48,0.5323692926072648,0.6091607149444696,False,audited,clean,52752,otp_delivery_time,0.0194833874702453,0.1165255904197692,0.1428571428571428,0.0,"Asks how many minutes of delay are usual for the app OTP to arrive, a clear OTP delivery-time query.",not_reviewed,,
Postal Vote BD অ্যাপের নিশ্চিতকরণ কোড সাধারণত কখন আসে?,otp_delivery_time,49,0.5319963987162858,0.6083748118695456,False,audited,clean,52725,otp_delivery_time,0.0054250955581665,0.1012799739837646,0.1428571428571428,0.0,"Self-contained question asking when the Postal Vote BD app confirmation code arrives, matching OTP/code delivery timing.",not_reviewed,,
Postal Vote BD থেকে রিসেন্ড দেওয়ার পর কোড আসতে কতক্ষণ লাগে?,otp_delivery_time,50,0.5269448273033175,0.6039516006388178,False,audited,clean,52778,otp_delivery_time,0.0046706199645996,0.0173687934875488,0.1428571428571428,0.0,Asks how long it takes for the code to arrive after resend; still clearly about code delivery time.,not_reviewed,,
নির্বাচন কমিশনের পোস্টাল ভোট অ্যাপের OTP ডেলিভারি সাধারণত কত মিনিটে হয়?,otp_delivery_time,51,0.5213560091383327,0.5994600791184621,False,audited,clean,52749,otp_delivery_time,0.0218682885169982,0.096875250339508,0.1428571428571428,0.0,Directly asks how many minutes OTP delivery usually takes in the Election Commission postal vote app.,not_reviewed,,
পোস্টাল ভোট BD OTP পেতে কি কয়েক মিনিট অপেক্ষা করতে হবে?,otp_delivery_time,52,0.5139950457561284,0.5930756695613557,False,audited,clean,52740,otp_delivery_time,0.0176383852958679,0.0899186730384826,0.1428571428571428,0.0,Clearly asks whether users must wait a few minutes to receive the Postal Vote BD OTP.,not_reviewed,,
পোস্টাল ভোটিং BD-র OTP ইনবক্সে পৌঁছাতে কি কয়েক মিনিট সময় ধরা উচিত?,otp_delivery_time,53,0.5138008027791233,0.5923350555674521,False,audited,clean,52796,otp_delivery_time,0.0181888341903686,0.0808984637260437,0.2857142857142857,0.0,Asks whether the OTP reaching the inbox should be expected to take a few minutes; fits delivery-time intent.,not_reviewed,,
Postal Vote BD অ্যাপের একবারের পাসওয়ার্ড ফোনে পৌঁছাতে কতটা সময়?,otp_delivery_time,54,0.5133458312716234,0.5908130738896327,False,audited,clean,52764,otp_delivery_time,-0.006065011024475,-0.0283799171447753,0.0,0.0,Uses 'one-time password' as OTP and asks how long it takes to reach the phone; matches tag.,not_reviewed,,
পোস্টাল ভোট BD-র OTP পেতে ক’মিনিট অপেক্ষা করা ভালো?,otp_delivery_time,55,0.5095689912617863,0.5898629447784017,False,audited,clean,52784,otp_delivery_time,0.0163780450820922,0.1073222160339355,0.1428571428571428,0.0,Directly asks how many minutes to wait to receive the Postal Vote BD OTP.,not_reviewed,,
"পোস্টাল ভোটের OTP আসতে কি খুব বেশি সময় লাগে, নাকি অল্প?",otp_delivery_time,56,0.5056655397332998,0.5858448921983879,False,audited,clean,52770,otp_delivery_time,0.0205222368240356,0.119706392288208,0.1428571428571428,0.0,"Asks whether the postal vote OTP arrival takes a long or short time, which is a delivery-time question.",not_reviewed,,
নির্বাচন কমিশনের পোস্টাল ভোট প্ল্যাটফর্মে OTP আসার সময় কত?,otp_delivery_time,57,0.5053223911653525,0.5851044414029855,False,audited,clean,52776,otp_delivery_time,0.0137484669685363,0.1092842817306518,0.1428571428571428,0.0,Self-contained question about the arrival time of OTP on the postal vote platform.,not_reviewed,,
পোস্টাল ভোট অ্যাপে OTP আসার টাইমফ্রেম কত?,otp_delivery_time,58,0.5011154114083886,0.5811303763737972,False,audited,clean,52744,otp_delivery_time,0.0132580995559692,0.0725529789924621,0.1428571428571428,0.0,Directly asks the timeframe for OTP arrival in the postal vote app.,not_reviewed,,
পোস্টাল ভোট অ্যাপের SMS OTP পেতে কি মিনিট কয়েক দেরি হতে পারে?,otp_delivery_time,59,0.5008053416559807,0.5806528615210361,False,audited,clean,52762,otp_delivery_time,0.0152932405471801,0.159017264842987,0.1428571428571428,0.0,Asks whether receiving the SMS OTP can be delayed by a few minutes; clearly about OTP delivery time.,not_reviewed,,
নির্বাচন কমিশনের পোস্টাল ভোট অ্যাপে OTP ডেলিভারি উইন্ডো কত মিনিটের?,otp_delivery_time,60,0.4991511021355274,0.5803664417977455,False,audited,clean,52760,otp_delivery_time,0.0184887051582336,0.0741595029830932,0.1428571428571428,0.0,Asks the OTP delivery window in minutes for the Election Commission postal vote app.,not_reviewed,,
পোস্টাল ভোট অ্যাপের OTP কি অবিলম্বে আসে নাকি সামান্য দেরিতে?,otp_delivery_time,61,0.4968519470322032,0.5772054120440605,False,audited,clean,52779,otp_delivery_time,0.013749361038208,0.1340599656105041,0.1428571428571428,0.0,Asks whether OTP arrives immediately or with slight delay; clean delivery-time intent.,not_reviewed,,
পোস্টাল ভোটিং অ্যাপের একবারের পাসওয়ার্ড পেতে কত সময় ধরা উচিত?,otp_delivery_time,62,0.4966380028355139,0.5767506604121363,False,audited,clean,52702,otp_delivery_time,-0.0057281255722045,-0.0389590859413147,0.0,0.0,Uses 'one-time password' to mean OTP and asks how much time should be allowed to receive it.,not_reviewed,,
পোস্টাল ভোট অ্যাপের ওটিপি পেতে সাধারণত কতটা বিলম্ব দেখা যায়?,otp_delivery_time,63,0.4951040730616575,0.5762530672453072,False,audited,clean,52772,otp_delivery_time,0.019224464893341,0.1249563097953796,0.0,0.0,Asks how much delay is usually seen in receiving the postal vote app OTP.,not_reviewed,,
যাচাইকরণ কোড পোস্টাল ভোট অ্যাপ থেকে পেতে আনুমানিক কত মিনিট লাগে?,otp_delivery_time,64,0.4915499379881676,0.5732174402810022,False,audited,clean,52715,otp_delivery_time,0.0133195519447326,0.0837034583091735,0.1428571428571428,0.0,Asks approximately how many minutes it takes to get the verification code from the postal vote app.,not_reviewed,,
পোস্টাল ভোট অ্যাপের ভেরিফিকেশন কোড পেতে কতটা সময় লাগতে পারে?,otp_delivery_time,65,0.490445439064896,0.5718605940744236,False,audited,clean,52759,otp_delivery_time,0.0140373110771179,0.1101953387260437,0.1428571428571428,0.0,Directly asks how long it may take to receive the postal vote app verification code.,not_reviewed,,
পোস্টাল ভোটিং সিস্টেমে OTP ডেলিভারি সময় সাধারণত কেমন?,otp_delivery_time,66,0.4889499869423483,0.5704053513409866,False,audited,clean,52735,otp_delivery_time,0.0233374238014221,0.1157193779945373,0.1428571428571428,0.0,Asks generally what the OTP delivery time is in the postal voting system.,not_reviewed,,
পোস্টাল ভোট BD-তে SMS কোড আসতে কতটা সময় ধরে বিলম্ব হতে পারে?,otp_delivery_time,67,0.4886925003507537,0.5698663293420183,False,audited,clean,52751,otp_delivery_time,0.0174692273139953,0.1347166299819946,0.1428571428571428,0.0,Asks how long an SMS code arrival may be delayed in Postal Vote BD; fits code delivery timing.,not_reviewed,,
ফোনে পোস্টাল ভোটের ওটিপি মেসেজ পেতে কত মিনিট অপেক্ষা করব?,otp_delivery_time,68,0.486292357703599,0.5682649065759688,False,audited,clean,52708,otp_delivery_time,0.0191134214401245,0.1022954583168029,0.0,0.0,Asks how many minutes to wait for the postal vote OTP message on the phone.,not_reviewed,,
ওটিপি পাওয়ার আগে পোস্টাল ভোট অ্যাপে কতটা সময় ওয়েট করতে হবে?,otp_delivery_time,69,0.4856554980675292,0.5670216880860393,False,audited,clean,52712,otp_delivery_time,0.0175105929374694,0.088303804397583,0.0,0.0,Asks how long to wait in the postal vote app before receiving OTP; matches tag intent.,not_reviewed,,
ইসি পোস্টাল ভোট সার্ভিসে OTP পাওয়ার সময়সীমা কতটা?,otp_delivery_time,70,0.4845866738097723,0.5664243018850831,False,audited,clean,52706,otp_delivery_time,0.0136313438415527,0.1128256320953369,0.1428571428571428,0.0,Asks the timeframe for receiving OTP in the EC postal vote service.,not_reviewed,,
পোস্টাল ভোটিং অ্যাপের কোড পেতে কি মিনিট কয়েক সময় লাগতে পারে?,otp_delivery_time,71,0.4825375014411605,0.5647890441857214,False,audited,clean,52788,otp_delivery_time,0.0195441842079162,0.0988635420799255,0.1428571428571428,0.0,Asks whether getting the code in the postal voting app can take a few minutes; clean delivery-time query.,not_reviewed,,
পোস্টাল ভোট সার্ভিসে ওটিপি পেতে ক’মিনিট লাগে?,otp_delivery_time,72,0.4821995588889042,0.5644784893967696,False,audited,clean,52726,otp_delivery_time,0.0198237299919128,0.0960338115692138,0.0,0.0,Directly asks how many minutes it takes to receive OTP in the postal vote service.,not_reviewed,,
ইসি পোস্টাল ভোটিং পোর্টাল থেকে পাঠানো OTP কতক্ষণে রিসিভ হবে?,otp_delivery_time,73,0.4807290160264894,0.5628318763769442,False,audited,clean,52789,otp_delivery_time,0.0189896821975708,0.0974259376525878,0.1428571428571428,0.0,Self-contained question asking how long an OTP sent from the EC postal voting portal will take to be received; directly matches OTP delivery time intent.,not_reviewed,,
পোস্টাল ভোট BD-তে ওটিপি মেসেজ আসতে কি কিছুটা সময় লাগে?,otp_delivery_time,74,0.4804420502235122,0.562718670030302,False,audited,clean,52738,otp_delivery_time,0.0198084712028503,0.0702039003372192,0.0,0.0,"Clearly asks whether the OTP message in Postal Vote BD takes some time to arrive, which is about OTP delivery timing.",not_reviewed,,
"পোস্টাল ভোট BD-র OTP কি তৎক্ষণাৎ আসে, নাকি কিছুটা দেরি হয়?",otp_delivery_time,75,0.4798169237433984,0.5624178505041842,False,audited,clean,52707,otp_delivery_time,0.0135422945022583,0.1027564406394958,0.1428571428571428,0.0,Asks if the Postal Vote BD OTP arrives instantly or with delay; this cleanly fits the delivery-time/delay intent.,not_reviewed,,
পোস্টাল ভোট অ্যাপের ওটিপি কত মিনিটে পৌঁছায়?,otp_delivery_time,76,0.4790078004579221,0.5619414068663154,False,audited,clean,52698,otp_delivery_time,0.0161764025688171,0.0607178807258605,0.0,0.0,Directly asks how many minutes the postal vote app OTP takes to arrive; central fit for the tag.,not_reviewed,,
ইসি’র পোস্টাল ভোট পোর্টালের OTP কত দ্রুত আসে?,otp_delivery_time,77,0.4778238966299115,0.5597302216297043,False,audited,clean,52713,otp_delivery_time,0.0097575783729553,0.1182514429092407,0.1428571428571428,0.0,Asks how quickly the OTP for the EC postal vote portal arrives; matches the intended delivery-time question.,not_reviewed,,
ইসি’র পোস্টাল ভোট অ্যাপে OTP রিসিভ টাইম কতটা?,otp_delivery_time,78,0.4774500834586645,0.5599992975432763,False,audited,clean,52773,otp_delivery_time,0.0117440819740295,0.0457484126091003,0.1428571428571428,0.0,Asks the OTP receive time for the EC postal vote app; self-contained and clearly about OTP delivery time.,not_reviewed,,
ইসি পোস্টাল ভোট সার্ভিসে ভেরিফিকেশন কোড পেতে আনুমানিক সময়সীমা কত?,otp_delivery_time,79,0.4765799564133008,0.5594765407105163,False,audited,clean,52768,otp_delivery_time,0.0146539211273193,0.1173168420791626,0.2857142857142857,0.0,Asks the approximate time limit to receive a verification code for EC postal vote service; verification/confirmation code timing is within the tag.,not_reviewed,,
ইসি পোস্টাল ভোট সার্ভিসে OTP পাওয়ার আনুমানিক মিনিট কত?,otp_delivery_time,80,0.4714242429782377,0.5546167564449856,False,audited,clean,52781,otp_delivery_time,0.0107402205467224,0.0941280722618103,0.1428571428571428,0.0,Asks the approximate number of minutes to get an OTP for the EC postal vote service; clearly fits OTP delivery time despite slightly compact phrasing.,not_reviewed,,
পোস্টাল ভোট বিডি অ্যাপে OTP না আসলে কি করব?,otp_not_received,1,0.7275594676437139,0.6794817266396634,True,audited,clean,47500,otp_not_received,0.0137053728103637,0.1100730299949646,0.0,0.0,Self-contained and directly asks what to do if OTP is not received in the Postal Vote BD app.,not_reviewed,,
পোস্টাল ভোট অ্যাপে OTP না পেলে অপেক্ষা করে আবার কিভাবে চাইব?,otp_not_received,2,0.6122491409105113,0.6745721163232539,True,audited,clean,53075,otp_not_received,0.0121377110481262,0.1406496167182922,0.0,0.0,Clearly asks how to request OTP again after not receiving it in the Postal Vote app.,not_reviewed,,
ইসির পোস্টাল ভোট বিডি অ্যাপে ওটিপি না গেলে কীভাবে আগাব?,otp_not_received,3,0.6030343215985764,0.666408184410754,True,audited,clean,53001,otp_not_received,0.0125617384910583,0.0853075981140136,0.0,0.0,Fits the tag by asking how to proceed when OTP does not reach the user in the EC Postal Vote BD app.,not_reviewed,,
পোস্টাল ভোট BD অ্যাপে ৬ ডিজিটের OTP না এলে কীভাবে সমাধান করব?,otp_not_received,4,0.5982246513188343,0.6618526046005108,True,audited,clean,53087,otp_not_received,0.0106403827667236,0.0993677973747253,0.0,0.0,Directly about a 6-digit OTP not arriving in the Postal Vote BD app and seeking a solution.,not_reviewed,,
পোস্টাল ভোট BD অ্যাপে যাচাইকরণ কোড না পৌঁছালে কী করণীয়?,otp_not_received,5,0.5958245284743944,0.6577779081688168,True,audited,clean,53010,otp_not_received,0.0058053135871887,0.0991379618644714,0.0,0.0,Verification code is an OTP-equivalent; the question asks what to do if it does not arrive in the app.,not_reviewed,,
পোস্টাল ভোট BD অ্যাপে OTP পেতে বারবার ব্যর্থ হলে কী করব?,otp_not_received,6,0.5913485392672059,0.656314243443793,True,audited,clean,53017,otp_not_received,0.0144742727279663,0.0543075799942016,0.0,0.0,Self-contained question about repeated failure to receive OTP in the Postal Vote BD app.,not_reviewed,,
Postal Vote BD অ্যাপে OTP না গেলে কি বিকল্প আছে?,otp_not_received,7,0.5880882553694737,0.6522177051436674,True,audited,clean,53020,otp_not_received,0.0128753185272216,0.13935387134552,0.0,0.0,"Asks about alternatives when OTP is not received/sent in Postal Vote BD, matching the tag intent.",not_reviewed,,
Postal Vote BD অ্যাপে ভেরিফিকেশন কোড না পেলে কী করতে হবে?,otp_not_received,8,0.5872634517817434,0.6520891846311092,True,audited,clean,52997,otp_not_received,0.003580093383789,0.1193797588348388,0.0,0.0,Verification code not received in Postal Vote BD is the same user issue as OTP not received.,not_reviewed,,
"পোস্টাল ভোট অ্যাপে OTP আসছে না, কী করতে হবে?",otp_not_received,9,0.5824160144017421,0.6482492942138779,True,audited,clean,53014,otp_not_received,0.0060957074165344,0.0924627184867858,0.0,0.0,"Natural, self-contained question stating OTP is not coming in the Postal Vote app and asking what to do.",not_reviewed,,
পোস্টাল ভোট অ্যাপে ওটিপি কোড না আসলে কী করনীয় ধাপ?,otp_not_received,10,0.5802862976007894,0.6451797909765673,True,audited,clean,53093,otp_not_received,0.0093051791191101,0.0832206606864929,0.0,0.0,"Despite minor wording awkwardness, it clearly asks what steps to take if the OTP code does not arrive.",not_reviewed,,
পোস্টাল ভোটিং BD অ্যাপে ওটিপি না পেলে কখন আবার চেষ্টা করা যাবে?,otp_not_received,11,0.5796342992852025,0.6453414628428784,True,audited,clean,53090,otp_not_received,0.0157950520515441,0.0599558353424072,0.0,0.0,"Asks when to retry after not receiving OTP in Postal Voting BD, within the not-received OTP flow.",not_reviewed,,
Postal Vote BD অ্যাপে OTP মেসেজ না এলে কি অপেক্ষা করতে হবে?,otp_not_received,12,0.5755835474331455,0.6410557410293971,True,audited,clean,53046,otp_not_received,0.008010983467102,0.0644490122795105,0.0,0.0,Directly concerns an OTP message not arriving in Postal Vote BD and whether to wait.,not_reviewed,,
পোস্টাল ভোট অ্যাপে ওয়ান-টাইম কোড না পেলে আবার কীভাবে চাওয়া যায়?,otp_not_received,13,0.5746881759381239,0.6393011870468674,True,audited,clean,53057,otp_not_received,0.0123869776725769,0.1162195205688476,0.0,0.0,One-time code is an OTP synonym; the question asks how to request it again if not received.,not_reviewed,,
পোস্টাল ভোট BD অ্যাপে OTP না এলে কতোক্ষণ পর আবার চাইব?,otp_not_received,14,0.5721761225510202,0.6386164681754728,True,audited,clean,53040,otp_not_received,0.0018777251243591,0.0715847611427307,0.0,0.0,Clearly asks how long to wait before requesting OTP again when it does not arrive.,not_reviewed,,
"পোস্টাল ভোট BD অ্যাপে নিশ্চিতকরণ কোড আসছে না, সমাধান কী?",otp_not_received,15,0.5615672813629554,0.6293630613823832,True,audited,clean,52999,otp_not_received,0.0045981407165527,0.0728793144226074,0.0,0.0,Confirmation code not arriving in Postal Vote BD is a clear OTP-not-received scenario.,not_reviewed,,
Postal Vote BD অ্যাপে ৬-সংখ্যার ভেরিফাই কোড না এলে কী করব?,otp_not_received,16,0.5539307515637831,0.6225854153446205,True,audited,clean,53064,otp_not_received,0.0035459399223327,0.1074955463409423,0.0,0.0,A 6-digit verification code not arriving is a clean OTP-not-received example for Postal Vote BD.,not_reviewed,,
Postal Vote BD অ্যাপে সিকিউরিটি কোড না এলে কী উপায়?,otp_not_received,17,0.5534949106841224,0.6214971662920399,True,audited,clean,53016,otp_not_received,0.0026404857635498,0.0836992263793945,0.0,0.0,Security code not arriving in the app is an OTP-equivalent not-received issue.,not_reviewed,,
Postal Vote BD-তে সিকিউরিটি OTP না এলে করণীয় কী?,otp_not_received,18,0.5503852990807406,0.6173620361565094,True,audited,clean,53049,otp_not_received,0.0010373592376708,0.0585827827453613,0.0,0.0,Self-contained question about a security OTP not arriving in Postal Vote BD and what to do.,not_reviewed,,
Postal Vote BD অ্যাপে ভেরিফিকেশন PIN না পেলে কী করব?,otp_not_received,19,0.547346381304086,0.6161313451221099,True,audited,clean,53041,otp_not_received,-0.0008609890937805,0.0746952295303344,0.0,0.0,Verification PIN not received is close enough to OTP not received in this app context.,not_reviewed,,
Postal Vote BD অ্যাপে ওটিপি আসতে দেরি হলে কীভাবে সামলাব?,otp_not_received,20,0.5431555076695871,0.6114261344934703,True,audited,clean,53026,otp_not_received,0.0059096813201904,0.0245929360389709,0.0,0.0,"Asks what to do when OTP is delayed, which is within the OTP not yet received intent.",not_reviewed,,
পোস্টাল ভোট BD-তে সিকিউরিটি কোড না এলে কীভাবে সমাধান করব?,otp_not_received,21,0.5316584687516175,0.6023678443643318,True,audited,clean,53074,otp_not_received,-0.0010639429092407,0.0272361636161804,0.0,0.0,Security code not arriving in Postal Vote BD clearly matches the OTP-not-received support intent.,not_reviewed,,
Postal Vote BD অ্যাপে OTP না এলে কতো সময় অপেক্ষা করে আবার নেব?,otp_not_received,22,0.530655591491094,0.6017935353532089,True,audited,clean,53058,otp_not_received,-0.003941535949707,0.0129055380821228,0.0,0.0,"Asks how long to wait and retry when OTP does not arrive, matching the tag.",not_reviewed,,
পোস্টাল ভোট বিডি অ্যাপে ওটিপি না এলে করণীয় কী?,otp_not_received,23,0.5192733069400799,0.5919784853853025,True,audited,clean,52996,otp_not_received,0.0159917473793029,0.1133731007575988,0.0,0.0,Canonical clean example asking what to do if OTP does not arrive in the Postal Vote BD app.,not_reviewed,,
Postal Vote BD-তে নিশ্চিতকরণ SMS না পেলে রিসেন্ড কোথায় পাব?,otp_not_received,24,0.5184030267055298,0.5869155057342449,True,audited,clean,53088,otp_not_received,0.0088198184967041,0.0516808629035949,0.0,0.0,"Self-contained; asks about a missing confirmation SMS and locating resend in Postal Vote BD, aligned with an OTP-not-received flow.",not_reviewed,,
Postal Vote BD-তে OTP না এলে কতক্ষণ পর পুনরায় চেষ্টা করব?,otp_not_received,25,0.5179329093827918,0.5902740981083706,True,audited,clean,53070,otp_not_received,0.0029118061065673,0.0214541554450988,0.0,0.0,Directly asks when to retry after OTP does not arrive in Postal Vote BD.,not_reviewed,,
পোস্টাল ভোট BD অ্যাপে OTP এসে না পৌঁছালে কী ব্যবস্থা?,otp_not_received,26,0.5166747092392958,0.5893314339060579,True,audited,clean,53062,otp_not_received,0.0142103433609008,0.1487286686897277,0.0,0.0,Self-contained and directly asks what to do when the OTP does not reach the Postal Vote BD app.,not_reviewed,,
পোস্টাল ভোট BD অ্যাপে ভেরিফিকেশন OTP না এলে কীভাবে রিসেন্ড করব?,otp_not_received,27,0.5142586011439222,0.5856506078523593,True,audited,clean,53083,otp_not_received,0.0132986307144165,0.1432884931564331,0.0,0.0,Clearly about a verification OTP not arriving in the Postal Vote BD app and how to resend it.,not_reviewed,,
পোস্টাল ভোটিং BD অ্যাপে OTP না এলে কীভাবে আবার পাঠানো যায়?,otp_not_received,28,0.5093836779604699,0.5823630217720048,True,audited,clean,53036,otp_not_received,0.0151813030242919,0.1059155464172363,0.0,0.0,"Central, self-contained question about resending an OTP when it does not arrive in the Postal Voting BD app.",not_reviewed,,
পোস্টাল ভোট BD অ্যাপে OTP না এলে কি রিসেন্ড করা যাবে?,otp_not_received,29,0.5075342360652391,0.5809263067227911,True,audited,clean,53031,otp_not_received,0.0167111158370971,0.1513645648956298,0.0,0.0,Asks whether an OTP can be resent when not received; a clean OTP-not-received yes/no variant.,not_reviewed,,
Postal Vote BD-তে SMS OTP না পেলে কি করতে হবে?,otp_not_received,30,0.5036120093144529,0.576518119252582,True,audited,clean,53023,otp_not_received,0.0194332003593444,0.1332979202270507,0.0,0.0,Clearly asks what to do if the SMS OTP is not received in Postal Vote BD.,not_reviewed,,
পোস্টাল ভোটিং BD অ্যাপে ওটিপি না পাওয়া গেলে কী পদক্ষেপ নেওয়া উচিৎ?,otp_not_received,31,0.5018318082527464,0.5762563930708314,True,audited,clean,53077,otp_not_received,0.0163275003433227,0.0960627794265747,0.0,0.0,Self-contained central next-steps question for OTP not received in the Postal Voting BD app.,not_reviewed,,
পোস্টাল ভোট BD অ্যাপে কোড ডেলিভার না হলে কী করা উচিত?,otp_not_received,32,0.4929763167828781,0.5678121733615143,True,audited,clean,53053,otp_not_received,0.0109097957611083,0.1120792031288147,0.0,0.0,"Uses code-delivery wording, but in this app context clearly asks about the OTP/verification code not being delivered.",not_reviewed,,
পোস্টাল ভোট BD অ্যাপে কোড না এলে কিভাবে রিকোয়েস্ট করব?,otp_not_received,33,0.4926954289598768,0.5667732113666019,True,audited,clean,53025,otp_not_received,0.0136079788208007,0.1258589029312133,0.0,0.0,"Self-contained; asks how to request the missing verification code in the Postal Vote BD app, aligned with OTP-not-received.",not_reviewed,,
Postal Vote BD-তে নিশ্চিতকরণ OTP না পাওয়া গেলে কী করবেন?,otp_not_received,34,0.4913036692083465,0.5659211212713671,True,audited,clean,53044,otp_not_received,0.0152463316917419,0.1007219552993774,0.0,0.0,Directly asks what to do when the confirmation OTP is not received in Postal Vote BD.,not_reviewed,,
পোস্টাল ভোট BD অ্যাপে কোড না এলেই কীভাবে রিসেন্ড করব?,otp_not_received,35,0.4827977405497838,0.5588873766356627,True,audited,clean,53037,otp_not_received,0.0123786926269531,0.1056833863258361,0.0,0.0,"Self-contained question about the Postal Vote BD app code not arriving and how to resend it, which matches OTP not received.",not_reviewed,,
পোস্টাল ভোট অ্যাপে কোড না এলে কতক্ষণ অপেক্ষা করতে হয়?,otp_not_received,36,0.4827647095558598,0.5564658384617195,True,audited,clean,53084,otp_not_received,-0.0100830197334289,-0.0273934006690979,0.0,0.0,"Asks how long to wait when the code does not arrive in the postal vote app, directly about not receiving the OTP/code.",not_reviewed,,
পোস্টাল ভোট BD-তে ওটিপি রিসিভ না হলে কী করতে বলবেন?,otp_not_received,37,0.4821812516419698,0.5578233525496172,True,audited,clean,53021,otp_not_received,0.018651008605957,0.0777680277824401,0.0,0.0,Clearly asks what to do if the OTP is not received in Postal Vote BD.,not_reviewed,,
পোস্টাল ভোট BD তে OTP না এলে রিসেন্ডের সময় ব্যবধান কত?,otp_not_received,38,0.4816176824165283,0.5562272617812857,True,audited,clean,53092,otp_not_received,-0.0015265941619873,-0.0329071283340454,0.0,0.0,"Asks about resend timing when OTP does not arrive, which is within the not-received OTP flow.",not_reviewed,,
"Postal Vote BD অ্যাপে OTP মেলেনি, এরপর কী করব?",otp_not_received,39,0.4816031605271312,0.5567042603453531,True,audited,clean,53011,otp_not_received,0.0132163166999816,0.0847654938697815,0.0,0.0,Asks what to do after not getting the OTP in the Postal Vote BD app; fits the tag intent.,not_reviewed,,
Postal Vote BD অ্যাপে নিশ্চিতকরণ কোড না এলে পরবর্তী পদক্ষেপ কী?,otp_not_received,40,0.481326655472994,0.5573819103994547,True,audited,clean,53094,otp_not_received,0.0053521394729614,0.1344577074050903,0.0,0.0,Confirmation code not arriving in the app is a clear OTP/code not received issue.,not_reviewed,,
Postal Vote BD অ্যাপে OTP মিস করলে আবার কিভাবে নেব?,otp_not_received,41,0.47901855972674,0.5543784003703672,False,audited,clean,53079,otp_not_received,0.0154305696487426,0.0828669667243957,0.0,0.0,Missing the OTP and asking how to get it again is a clear OTP not received/resend scenario.,not_reviewed,,
পোস্টাল ভোট অ্যাপে কোড না পাওয়ার ক্ষেত্রে কী ব্যবস্থা নিতে হবে?,otp_not_received,42,0.4769379372207992,0.5529979254123969,False,audited,clean,53019,otp_not_received,0.006432294845581,0.134111225605011,0.0,0.0,Asks what action to take when the postal vote app code is not received; fits the tag.,not_reviewed,,
পোস্টাল ভোটিং অ্যাপে ওটিপি না এলে কোন পদক্ষেপ নেব?,otp_not_received,43,0.4742141137324078,0.5509727463858372,False,audited,clean,53012,otp_not_received,0.0123029947280883,0.0511324405670166,0.0,0.0,Directly asks what step to take if OTP does not arrive in the postal voting app.,not_reviewed,,
পোস্টাল ভোট অ্যাপে OTP না এলে কি সাথে সাথে আবার পাঠানো যায়?,otp_not_received,44,0.4719898252433116,0.5484047855839579,False,audited,clean,53089,otp_not_received,0.00933837890625,0.1367472410202026,0.0,0.0,Asks whether the OTP can be resent immediately if it does not arrive; cleanly matches the tag.,not_reviewed,,
পোস্টাল ভোট সেবা অ্যাপে ওয়ান টাইম কোড না পেলে কী করবো?,otp_not_received,45,0.4709745217819864,0.5482631883259866,False,audited,clean,53008,otp_not_received,0.0105952620506286,0.1116196513175964,0.0,0.0,One-time code not being received in the postal vote service app is clearly an OTP not received issue.,not_reviewed,,
পোস্টাল ভোটিং BD অ্যাপে নিশ্চিতকরণ SMS না পেলে কী করণীয়?,otp_not_received,46,0.4694224373914544,0.5453551399044768,False,audited,clean,53068,otp_not_received,0.008222222328186,0.0948788523674011,0.0,0.0,Confirmation SMS not being received is a clear variant of OTP/code not received.,not_reviewed,,
পোস্টাল ভোট BD-তে ভেরিফাই করার কোড না এলে কী করব?,otp_not_received,47,0.4683129126064929,0.5454863964549435,False,audited,clean,53004,otp_not_received,0.0057148337364196,0.122623324394226,0.0,0.0,Clear self-contained question about the verification code not arriving in Postal Vote BD.,not_reviewed,,
পোস্টাল ভোটিং BD অ্যাপে OTP ডেলিভারি না হলে কবে আবার চেষ্টা করব?,otp_not_received,48,0.4649759579789254,0.5429976786109726,False,audited,clean,53082,otp_not_received,0.0132434368133544,0.0713969469070434,0.0,0.0,Asks when to try again if OTP delivery fails; clearly within OTP not received/resend handling.,not_reviewed,,
Postal Vote BD-তে SMS কোড না পৌঁছালে কী করব?,otp_not_received,49,0.4636038893296509,0.5403752670808037,False,audited,clean,53038,otp_not_received,0.013738214969635,0.0881933569908142,0.0,0.0,SMS code not reaching the user is a clear not-received OTP/code question.,not_reviewed,,
"পোস্টাল ভোট অ্যাপে OTP রিসিভ হচ্ছে না, কী করবেন?",otp_not_received,50,0.4632402083025581,0.5416178475753356,False,audited,clean,53033,otp_not_received,0.0084969997406005,0.0417540073394775,0.0,0.0,States OTP is not being received in the postal vote app and asks what to do; clean fit.,not_reviewed,,
পোস্টাল ভোট অ্যাপে কনফার্মেশন কোড না এলে কী করতে বলবেন?,otp_not_received,51,0.4611886139098315,0.5390609784355768,False,audited,clean,53060,otp_not_received,0.0069319009780883,0.1255583763122558,0.0,0.0,Confirmation code not arriving in the postal vote app and asking what to do matches the tag.,not_reviewed,,
পোস্টাল ভোটিং অ্যাপে OTP মিস হলে কী করণীয়?,otp_not_received,52,0.4599358668920504,0.5372551800633224,False,audited,clean,53024,otp_not_received,0.0112702250480651,0.0467505455017089,0.0,0.0,Asks what to do if the OTP is missed; in this context it fits the not-received/resend OTP issue.,not_reviewed,,
Postal Vote BD অ্যাপে কোড না এলেই কীভাবে সমস্যা মেটাব?,otp_not_received,53,0.4593330901030679,0.5367071197104261,False,audited,clean,53007,otp_not_received,0.0049262046813964,0.0918145179748535,0.0,0.0,Asks how to resolve the issue when the app code does not arrive; clean OTP/code not received intent.,not_reviewed,,
Postal Vote BD অ্যাপে ভেরিফিকেশন কোড না পেলে কীভাবে পুনরায় রিকোয়েস্ট করব?,otp_not_received,54,0.4586788925790158,0.5365123453412011,False,audited,clean,53091,otp_not_received,0.0072352886199951,0.0950993299484252,0.0,0.0,Verification code not received and asking how to request again is directly aligned with OTP not received.,not_reviewed,,
Postal Vote BD অ্যাপে ভেরিফাই কোড না এলে কিভাবে পুনরায় নেব?,otp_not_received,55,0.4569051928110158,0.5357786595077272,False,audited,clean,53032,otp_not_received,0.0062770247459411,0.0933616757392883,0.0,0.0,Self-contained Postal Vote BD app question about verification/OTP code not arriving and how to get it again; fits the tag intent.,not_reviewed,,
Postal Vote BD অ্যাপে ভেরিফিকেশন কোড না আসলে আবার কিভাবে পাঠাব?,otp_not_received,56,0.4554481869682113,0.5343010516801727,False,audited,clean,53073,otp_not_received,0.0058829188346862,0.07763671875,0.0,0.0,Clearly asks what to do when the verification code does not arrive and how to send/request it again in Postal Vote BD; fits OTP not received.,not_reviewed,,
পোস্টাল ভোট অ্যাপে ৬ ডিজিটের কোড না পেলে কোন পদক্ষেপ?,otp_not_received,57,0.4544989868054329,0.5325813929521618,False,audited,clean,53039,otp_not_received,0.0084902048110961,0.1283185482025146,0.0,0.0,Asks about a 6-digit code not being received in the postal vote app and what steps to take; clean OTP-not-received example.,not_reviewed,,
পোস্টাল ভোট অ্যাপে ভেরিফাই কোড না এলেই কীভাবে এগোতে হবে?,otp_not_received,58,0.4540413719124301,0.5322864299941409,False,audited,clean,53045,otp_not_received,0.0042533278465271,0.1281282901763916,0.0,0.0,Self-contained question about the verify code not arriving in the postal vote app and how to proceed; matches the tag.,not_reviewed,,
পোস্টাল ভোট BD অ্যাপে কোড না আসলে আবার কবে রিকোয়েস্ট করতে পারি?,otp_not_received,59,0.4509694919061796,0.5305523434190348,False,audited,clean,53048,otp_not_received,0.0103805065155029,0.0538665056228637,0.0,0.0,Asks when the user can request the code again after it does not arrive in the Postal Vote BD app; fits OTP not received/resend handling.,not_reviewed,,
পোস্টাল ভোট বিডি অ্যাপে OTP পাঠাতে কী বাটন ক্লিক করব?,otp_send_button,1,0.7509199008883487,0.7069645892804102,True,audited,clean,47498,otp_send_button,0.0166773200035095,0.205003559589386,0.0,0.0,Self-contained question asking which button to click in Postal Vote BD app to send OTP; directly matches the tag intent.,not_reviewed,,
Postal Vote BD অ্যাপে OTP প্রেরণের জন্য কোন বোতাম ট্যাপ করতে বলবেন?,otp_send_button,2,0.641761776548979,0.7039300757495056,True,audited,clean,53192,otp_send_button,0.0190768837928771,0.201949656009674,0.0,0.0,Clearly asks which button to tap in the Postal Vote BD app for OTP sending; clean fit.,not_reviewed,,
যাচাইকরণ OTP পাঠাতে পোস্টাল ভোট অ্যাপে কোন বোতাম টিপব?,otp_send_button,3,0.6333121146387172,0.6958978648845656,True,audited,clean,53118,otp_send_button,0.0135650634765625,0.193619430065155,0.0,0.0,Asks which button to press in the Postal Vote app to send a verification OTP; matches the send-button intent.,not_reviewed,,
যাচাইকরণ OTP পাঠাতে পোস্টাল ভোট BD তে কোন বোতাম ক্লিক করবো?,otp_send_button,4,0.6288216678709747,0.692840722335849,True,audited,clean,53134,otp_send_button,0.0152018070220947,0.1910635232925415,0.0,0.0,Self-contained request for the button to click in Postal Vote BD to send verification OTP; fits the tag.,not_reviewed,,
পোস্টাল ভোট বিডি অ্যাপের মধ্যে ওটিপি পাঠাতে কোনটা ক্লিক করা লাগবে?,otp_send_button,5,0.6221655160527587,0.6871070483727741,True,audited,clean,53117,otp_send_button,0.0147724747657775,0.1472570896148681,0.0,0.0,Directly asks which option to click inside the Postal Vote BD app to send OTP; clean central example.,not_reviewed,,
পোস্টাল ভোটবিডি অ্যাপে OTP পাঠানোর সঠিক বাটন কোনটা?,otp_send_button,6,0.6219709220346619,0.6868991559619623,True,audited,clean,53133,otp_send_button,0.0148509740829467,0.1889570951461792,0.0,0.0,Asks which exact button is for sending OTP in the Postal Vote BD app; clearly within tag intent.,not_reviewed,,
পোস্টাল ভোট অ্যাপে OTP পাঠানোর জন্য ঠিক কোন বোতনটি টাচ করব?,otp_send_button,7,0.6192527646839594,0.6836305475584302,True,audited,clean,53101,otp_send_button,0.0146378278732299,0.1454969048500061,0.0,0.0,Asks which button to touch in the Postal Vote app to send OTP; minor typo does not affect intent.,not_reviewed,,
Postal Vote BD অ্যাপে OTP পাঠাতে কোন গ্রিন বাটনে চাপ দেব?,otp_send_button,8,0.616652884864198,0.6810528054669452,True,audited,clean,53168,otp_send_button,0.0154295563697814,0.1932824254035949,0.0,0.0,Asks which green button to press to send OTP in Postal Vote BD; still specifically about the OTP send button.,not_reviewed,,
পোস্টাল ভোট অ্যাপে যাচাইকরণ কোড পাঠাতে কোন বাটন টিপে দেব?,otp_send_button,9,0.6139422617314098,0.6779279479942465,True,audited,clean,53188,otp_send_button,0.0155705213546752,0.1695146560668945,0.0,0.0,Uses verification code as an OTP synonym and asks which button to press to send it; clean match.,not_reviewed,,
Postal Vote BD তে OTP পাঠাতে ঠিক কোন বাটনে ট্যাপ করব?,otp_send_button,10,0.6136232493448475,0.679125781920246,True,audited,clean,53177,otp_send_button,0.0149081349372863,0.1888993382453918,0.0,0.0,Clearly asks which button to tap in Postal Vote BD to send OTP; clean fit.,not_reviewed,,
পোস্টাল ভোট BD অ্যাপে OTP সেন্ড করতে কোন বাটনটা ধরব?,otp_send_button,11,0.612881437538257,0.6782119260760864,True,audited,clean,53172,otp_send_button,0.0125600695610046,0.1421375274658203,0.0,0.0,"Colloquial wording, but it asks which button to touch/use to send OTP in the app; fits the tag.",not_reviewed,,
পোস্টাল ভোট BD অ্যাপে OTP পাঠানোর জন্য কোন রঙের বাটন প্রেস করতে হয়?,otp_send_button,12,0.6128691126182912,0.6776449706224267,True,audited,clean,53148,otp_send_button,0.015899121761322,0.1977066397666931,0.0,0.0,Asks which colored button should be pressed to send OTP; still identifies the OTP send button.,not_reviewed,,
যাচাই কোড পাঠানোর জন্য পোস্টাল ভোট অ্যাপে কোন বাটন সিলেক্ট করব?,otp_send_button,13,0.6040353789455024,0.6707755893351646,True,audited,clean,53143,otp_send_button,0.0128209590911865,0.1992844343185424,0.0,0.0,Asks which button to select in Postal Vote app to send a verification code; matches OTP send button intent.,not_reviewed,,
পোস্টাল ভোটবিডি অ্যাপে OTP পাঠানোর জন্য কোনটা ট্যাপ করতেই হবে?,otp_send_button,14,0.6036727047984195,0.6698225623829976,True,audited,clean,53187,otp_send_button,0.0119139552116394,0.1134132742881774,0.0,0.0,Asks what to tap in Postal Vote BD app to send OTP; self-contained and on intent.,not_reviewed,,
Postal Vote BD তে OTP পাঠাতে কোন রঙের বোতামে ট্যাপ করবো?,otp_send_button,15,0.5728208028795339,0.6413898001943594,True,audited,clean,53123,otp_send_button,0.0142706632614135,0.1666752099990844,0.0,0.0,Asks which colored button to tap to send OTP in Postal Vote BD; acceptable variant of identifying the send button.,not_reviewed,,
পোস্টাল ভোট অ্যাপে OTP পাঠানোর কমান্ড কোনটা?,otp_send_button,16,0.570845002209951,0.6392972091259019,True,audited,clean,53109,otp_send_button,0.0134978890419006,0.0976130366325378,0.0,0.0,Asks which command/control is for sending OTP in the Postal Vote app; close and self-contained fit to send-button intent.,not_reviewed,,
OTP পাঠানোর জন্য পোস্টাল Vote BD তে কোন ট্যাব ট্যাপ করবো?,otp_send_button,17,0.5690218813465393,0.6382498435493238,True,audited,clean,53114,otp_send_button,0.0112866163253784,0.0730233788490295,0.0,0.0,"Although it says tab, the question asks what UI control to tap to send OTP in Postal Vote BD; fits the practical send-button intent.",not_reviewed,,
পোস্টাল ভোটবিডি অ্যাপে OTP সেন্ড বাটন কোনটা?,otp_send_button,18,0.5689203102659719,0.6383924345575663,True,audited,clean,53145,otp_send_button,0.0079661607742309,0.1332084536552429,0.0,0.0,Directly asks which is the OTP send button in the Postal Vote BD app; clean fit.,not_reviewed,,
Postal Vote BD তে ওটিপি পাঠাতে কোন কমান্ড বেছে নেব?,otp_send_button,19,0.5614225755736094,0.6307835340975612,True,audited,clean,53147,otp_send_button,0.0144263505935668,0.1398914456367492,0.0,0.0,Asks which command to choose in Postal Vote BD to send OTP; self-contained and aligned with identifying the send control.,not_reviewed,,
পোস্টাল ভোটবিডি অ্যাপে OTP সেন্ড বাটন হিসেবে কোনটা আছে?,otp_send_button,20,0.5577260011401469,0.6293856857017874,True,audited,clean,53181,otp_send_button,0.0074383616447448,0.1223179697990417,0.0,0.0,Directly asks which option exists as the OTP send button in Postal Vote BD; clean match.,not_reviewed,,
পোস্টাল ভোট অ্যাপে নিরাপত্তা কোড পাঠাতে কোনটা ট্যাপ করি?,otp_send_button,21,0.5488201962253412,0.6195476408633397,True,audited,clean,53140,otp_send_button,0.0065284967422485,0.065181016921997,0.0,0.0,Uses security code as an OTP synonym and asks what to tap to send it in the Postal Vote app; fits the tag.,not_reviewed,,
পোস্টাল ভোট অ্যাপে OTP সেন্ড করার জন্য কোন আইটেম সিলেক্ট করব?,otp_send_button,22,0.5476688898242147,0.6178242780038589,True,audited,clean,53152,otp_send_button,0.0076631307601928,0.0715664029121398,0.0,0.0,Asks which item to select in the Postal Vote app to send OTP; clear UI-control question matching the tag.,not_reviewed,,
পোস্টাল ভোট বিডি অ্যাপে OTP পাঠাতে কোন বোতামে চাপ দেব?,otp_send_button,23,0.5409891117319339,0.613313132354932,True,audited,clean,53095,otp_send_button,0.01826673746109,0.201464295387268,0.0,0.0,Self-contained and directly asks which button to press in Postal Vote BD app to send OTP.,not_reviewed,,
OTP প্রেরণের জন্য পোস্টাল ভোট BD অ্যাপে কোন বাটামটা ট্যাপ করবো?,otp_send_button,24,0.5276521524103851,0.6012344257909028,True,audited,clean,53104,otp_send_button,0.0155848860740661,0.1714210510253906,0.0,0.0,Clearly asks which button to tap in the Postal Vote BD app for sending OTP; minor typo does not obscure intent.,not_reviewed,,
"পোস্টাল ভোট BD অ্যাপে ""OTP"" পাঠানোর জন্য কোন বোতাম টিপতে হবে?",otp_send_button,25,0.52675392037726,0.6006037536177169,True,audited,clean,53124,otp_send_button,0.0153059363365173,0.1899582147598266,0.0,0.0,Directly asks which button to press to send OTP in the Postal Vote BD app.,not_reviewed,,
পোস্টাল ভোট অ্যাপে OTP পাঠাতে যে বোতাম টিপতে হয় সেটি কোনটি?,otp_send_button,26,0.5262898993919525,0.5999887835389824,True,audited,clean,53164,otp_send_button,0.0164978504180908,0.18996661901474,0.0,0.0,"Asks which button is used in the Postal Vote app to send OTP, matching the tag intent.",not_reviewed,,
পোস্টাল ভোটবিডি অ্যাপে ওটিপি পাঠাতে কোন লেখা থাকা বাটন চাপব?,otp_send_button,27,0.5248691356017413,0.5989631695916218,True,audited,clean,53113,otp_send_button,0.0148819684982299,0.2057093381881714,0.0,0.0,Asks what labeled button to press to send OTP in the Postal Vote BD app.,not_reviewed,,
পোস্টাল ভোটবিডি অ্যাপে নিরাপত্তা OTP পাঠাতে কোন বোতাম প্রেস করব?,otp_send_button,28,0.522065302926917,0.5955441414681935,True,audited,clean,53175,otp_send_button,0.01810884475708,0.2149803042411804,0.0,0.0,Mentions OTP and asks which button to press in Postal Vote BD to send it; fits the send-button intent.,not_reviewed,,
ওটিপি পাঠাতে পোস্টাল ভোট অ্যাপে ঠিক কোন বোতাম ট্যাপ করা দরকার?,otp_send_button,29,0.5215752860481931,0.5960098931983399,True,audited,clean,53149,otp_send_button,0.0175521373748779,0.1880024075508117,0.0,0.0,Self-contained question about exactly which Postal Vote app button to tap for sending OTP.,not_reviewed,,
পোস্টাল ভোট BD অ্যাপে কোড পাঠাতে কোন বাটনে চাপ দেব?,otp_send_button,30,0.5202798912491479,0.5938340260662837,True,audited,clean,53111,otp_send_button,0.0163904428482055,0.1961559057235717,0.0,0.0,Asks which button to press to send a code in the Postal Vote BD app; code is a reasonable OTP synonym in this context.,not_reviewed,,
Postal Vote BD তে ওটিপি পাঠাতে কোন বাটনটা সিলেক্ট করা উচিত?,otp_send_button,31,0.5141118802682868,0.588532222603314,True,audited,clean,53189,otp_send_button,0.018190860748291,0.2343011498451233,0.0,0.0,Clearly asks which button to select in Postal Vote BD to send OTP.,not_reviewed,,
ওটিপি প্রেরণ করতে পোস্টাল ভোট অ্যাপে কোন বাটনে টাচ দেব?,otp_send_button,32,0.5123455963584718,0.5873786901600827,True,audited,clean,53128,otp_send_button,0.0130407214164733,0.1817736029624939,0.0,0.0,Asks which button to touch in the Postal Vote app to send OTP; matches the tag.,not_reviewed,,
পোস্টাল ভোট BD অ্যাপে ওটিপি পাঠাতে কোন বোতনে প্রেস করবো?,otp_send_button,33,0.5121158362738983,0.5866504196219008,True,audited,clean,53142,otp_send_button,0.0158337950706481,0.1642500758171081,0.0,0.0,Direct OTP send-button question despite a small spelling issue in 'বোতনে'.,not_reviewed,,
Postal Vote BD তে ওটিপি পাঠানোর জন্য কোন বোতাম ক্লিক করাই ঠিক?,otp_send_button,34,0.5085456137976772,0.583700375893526,True,audited,clean,53183,otp_send_button,0.0209512114524841,0.2595211267471313,0.0,0.0,Asks which button should be clicked in Postal Vote BD to send OTP; clean tag fit.,not_reviewed,,
ওটিপি পাঠাতে পোস্টাল ভোট অ্যাপে কোন লেবেল থাকা বাটন প্রেস করব?,otp_send_button,35,0.5069193755416028,0.5824754670851514,True,audited,clean,53185,otp_send_button,0.0139190554618835,0.1783992648124694,0.0,0.0,Asks what labeled button to press in the Postal Vote app for sending OTP.,not_reviewed,,
পোস্টাল ভোট BD অ্যাপে কোড পাঠানোর জন্য বেছে নেব কোন বোতাম?,otp_send_button,36,0.5046215777078003,0.5799205706567436,True,audited,clean,53178,otp_send_button,0.0154086351394653,0.2144362926483154,0.0,0.0,"Asks which button to choose in the Postal Vote BD app to send a code, aligning with OTP send-button intent.",not_reviewed,,
পোস্টাল ভোট বিডিতে ওটিপি পাঠাতে কী নামের বোতাম চাপতে হবে?,otp_send_button,37,0.5028166417079535,0.578843104357206,True,audited,clean,53105,otp_send_button,0.0161558985710144,0.1985869407653808,0.0,0.0,Asks the name of the button to press to send OTP in Postal Vote BD; directly on tag.,not_reviewed,,
পোস্টাল ভোট BD অ্যাপ থেকে যাচাইকরণ কোড পাঠাতে কোন বোতাম চাপতে হয়?,otp_send_button,38,0.5026962271478064,0.5782318726422455,True,audited,clean,53099,otp_send_button,0.0174009203910827,0.1885170340538025,0.0,0.0,Uses verification code as an OTP synonym and asks which button sends it in the app.,not_reviewed,,
পোস্টাল ভোটবিডি অ্যাপে কোড পাঠানোর জন্য কী নামের বাটনে টাচ করব?,otp_send_button,39,0.5017120458218971,0.5772858134144996,True,audited,clean,53169,otp_send_button,0.0165553092956542,0.1729136705398559,0.0,0.0,Asks the button name to touch for sending a code in Postal Vote BD; fits OTP send-button intent.,not_reviewed,,
ওটিপি পাঠাতে পোস্টাল ভোট BD অ্যাপের কোন অপশনটি চাপি?,otp_send_button,40,0.5003964199032407,0.5758542469116783,True,audited,clean,53121,otp_send_button,0.0131617784500122,0.1696752905845642,0.0,0.0,Asks which option in the Postal Vote BD app to press to send OTP; button/option wording is acceptable.,not_reviewed,,
Postal Vote BD অ্যাপে ওয়ান টাইম কোড পাঠাতে কোন বোতাম টিপব?,otp_send_button,41,0.4984000873385964,0.573365913894232,False,audited,clean,53144,otp_send_button,0.0171363949775695,0.2205283045768737,0.0,0.0,Asks which button to press to send a one-time code in Postal Vote BD; one-time code matches OTP.,not_reviewed,,
পোস্টাল ভোট BD অ্যাপে ওটিপি পাঠানোর সঠিক অপশন কোনটা?,otp_send_button,42,0.4951845729767896,0.5715420102976058,False,audited,clean,53160,otp_send_button,0.0137036442756652,0.156087040901184,0.0,0.0,Directly asks for the correct option to send OTP in the Postal Vote BD app.,not_reviewed,,
Postal Vote BD অ্যাপে One-Time কোড পাঠাতে কোন বোতাম চেপে ধরব?,otp_send_button,43,0.4949726045651347,0.5716207143889862,False,audited,clean,53186,otp_send_button,0.0162988901138305,0.2042014598846435,0.0,0.0,Asks which button to use for sending a One-Time code in Postal Vote BD; intent is clear despite 'চেপে ধরব' wording.,not_reviewed,,
Postal Vote BD অ্যাপে যাচাই কোড পাঠাতে কোন বাটন ব্যবহার করব?,otp_send_button,44,0.4946896555223838,0.5708550927991655,False,audited,clean,53126,otp_send_button,0.0165733098983764,0.1823309063911438,0.0,0.0,"Asks which button to use for sending a verification code in Postal Vote BD, matching OTP send-button intent.",not_reviewed,,
পোস্টাল ভোট BD অ্যাপে যাচাইকরণ কোড প্রেরণের বাটন কোনটি?,otp_send_button,45,0.4939744542051708,0.5707193103490712,False,audited,clean,53154,otp_send_button,0.0144862532615661,0.1999453902244568,0.0,0.0,Self-contained question asking which button sends a verification code in the Postal Vote BD app.,not_reviewed,,
পোস্টাল ভোট BD অ্যাপে কোড পাঠাতে কোন অপশনটা ট্যাপ করবো?,otp_send_button,46,0.4936801023487287,0.5705305792314511,False,audited,clean,53184,otp_send_button,0.0111572742462158,0.1236166357994079,0.0,0.0,Asks which option to tap to send a code in Postal Vote BD; close fit for OTP send-button.,not_reviewed,,
Postal Vote BD অ্যাপে ওটিপি সেন্ড করার জন্য কোন বাটন ট্যাপ করতে হবে?,otp_send_button,47,0.4935715909235104,0.5701412605838344,False,audited,clean,53096,otp_send_button,0.0139667987823486,0.174079954624176,0.0,0.0,Self-contained question asking which button to tap in Postal Vote BD to send an OTP; directly matches the tag.,not_reviewed,,
Postal Vote BD তে ওটিপি পাঠাতে কোন বোতাম টাচ করতে বলবেন?,otp_send_button,48,0.4932030239458096,0.5699700044806479,False,audited,clean,53153,otp_send_button,0.0149999260902404,0.2672441005706787,0.0,0.0,Clearly asks which button to touch in Postal Vote BD to send an OTP.,not_reviewed,,
Postal Vote BD তে ওয়ান-টাইম কোড পাঠাতে কোন বাটন টাচ করতে হয়?,otp_send_button,49,0.4927982680883406,0.5694264888998085,False,audited,clean,53119,otp_send_button,0.0198845267295837,0.2121052145957946,0.0,0.0,Uses 'one-time code' as an OTP synonym and asks which button to touch to send it in Postal Vote BD.,not_reviewed,,
পোস্টাল ভোটবিডি অ্যাপে ভেরিফিকেশন কোড পাঠানোর জন্য কোন বাটনে ক্লিক দেব?,otp_send_button,50,0.4900624390326976,0.5667734460211055,False,audited,clean,53139,otp_send_button,0.0144372582435607,0.1656516194343567,0.0,0.0,"Asks which button to click to send a verification code in the Postal Vote BD app, matching OTP send-button intent.",not_reviewed,,
ওটিপি পাঠানোর কাজটা করতে পোস্টাল ভোট অ্যাপে কোনটা ক্লিক করা উচিত?,otp_send_button,51,0.4888245919834101,0.5661038731788,False,audited,clean,53155,otp_send_button,0.0121779441833496,0.1237707734107971,0.0,0.0,Self-contained and asks which UI control to click in Postal Vote app to perform OTP sending.,not_reviewed,,
ওটিপি পাঠাতে পোস্টাল ভোট অ্যাপের কোন রঙের বোতাম টিপব?,otp_send_button,52,0.4860609637001727,0.5631248366629522,False,audited,clean,53179,otp_send_button,0.0141154527664184,0.1834074854850769,0.0,0.0,Asks which colored button to press to send OTP in the Postal Vote app; still about identifying the OTP send button.,not_reviewed,,
ভেরিফাই কোড পাঠাতে পোস্টাল ভোটবিডি অ্যাপে কোন বাটন ক্লিক করা উচিত?,otp_send_button,53,0.4857194496765237,0.5636258735706082,False,audited,clean,53108,otp_send_button,0.0142584443092346,0.1702990531921386,0.0,0.0,Asks which button to click in Postal Vote BD to send a verify/verification code; fits OTP send-button intent.,not_reviewed,,
ওটিপি পাঠাতে পোস্টাল ভোট অ্যাপে কোন অপশন সিলেক্ট করব?,otp_send_button,54,0.4843567369840143,0.5618397462938916,False,audited,clean,53098,otp_send_button,0.0125091075897216,0.1190521121025085,0.0,0.0,Asks which option to select to send OTP in Postal Vote app; the intended UI action matches the send-button tag.,not_reviewed,,
Postal Vote BD তে ওয়ান-টাইম পাসওয়ার্ড পাঠাতে কী চাপব?,otp_send_button,55,0.4843054651871111,0.5605487749774812,False,audited,clean,53136,otp_send_button,-0.0019580721855163,-0.0307541489601135,0.0,0.0,"Asks what to press in Postal Vote BD to send a one-time password, a clear OTP send-button question.",not_reviewed,,
Postal Vote BD অ্যাপে কোড পাঠানোর বাটামটা কোথায় কোনটা চাপতে হবে?,otp_send_button,56,0.4837206104302007,0.5611559040570359,False,audited,clean,53150,otp_send_button,0.014555811882019,0.13435959815979,0.0,0.0,"Although wording is a bit awkward, it asks which code-sending button to press in Postal Vote BD, fitting the tag.",not_reviewed,,
ওটিপি পাঠাতে পোস্টাল ভোট অ্যাপে কোন আইকন ট্যাপ করব?,otp_send_button,57,0.4835880310128133,0.5609781161300617,False,audited,clean,53131,otp_send_button,0.0110040307044982,0.1361759901046753,0.0,0.0,Asks which icon/control to tap for sending OTP in the Postal Vote app; aligned with the send-button intent.,not_reviewed,,
পোস্টাল ভোট বিডিতে কোড পাঠানোর বাটন হিসেবে কোনটা ধরব?,otp_send_button,58,0.4828200269323142,0.5604031992246606,False,audited,clean,53137,otp_send_button,0.0161638855934143,0.17963707447052,0.0,0.0,Asks which control should be treated as the code-sending button in Postal Vote BD; clear enough for this tag.,not_reviewed,,
পোস্টাল ভোট BD অ্যাপে নিরাপত্তা কোড পাঠাতে কোন বোতামে টাচ করব?,otp_send_button,59,0.4801094903299716,0.5577431357647737,False,audited,clean,53190,otp_send_button,0.0126459002494812,0.1685359477996826,0.0,0.0,Asks which button to touch to send a security code in Postal Vote BD; security code is an OTP-like synonym.,not_reviewed,,
Postal Vote BD অ্যাপে ভেরিফিকেশন কোড পাঠাতে কোন বাটাম চাপবো?,otp_send_button,60,0.4798636212358378,0.5576657664470647,False,audited,clean,53132,otp_send_button,0.0135069489479064,0.132668912410736,0.0,0.0,Asks which button to press in Postal Vote BD to send a verification code; direct fit.,not_reviewed,,
পোস্টাল ভোট অ্যাপে ভেরিফাই কোড পাঠাতে কোন বোতাম ক্লিক করব?,otp_send_button,61,0.4793265867407867,0.5576731086767468,False,audited,clean,53167,otp_send_button,0.0153260231018066,0.1682726144790649,0.0,0.0,Clearly asks which button to click in Postal Vote app to send a verify code; matches OTP send-button intent.,not_reviewed,,
পোস্টাল ভোট অ্যাপে ওটিপি পাঠাতে কোনটা সিলেক্ট করলেই হবে?,otp_send_button,62,0.4779035103979125,0.5563399765800147,False,audited,clean,53170,otp_send_button,0.0116891264915466,0.1100022196769714,0.0,0.0,Asks which control to select in Postal Vote app to send OTP; self-contained and on-tag.,not_reviewed,,
Postal Vote BD অ্যাপে নিরাপত্তা কোড পাঠানোর অপশন হিসেবে কোন বাটন ধরব?,otp_send_button,63,0.4770027308487464,0.5547007963697407,False,audited,clean,53165,otp_send_button,0.0108952522277832,0.1755551695823669,0.0,0.0,Asks which button/option is used to send a security code in Postal Vote BD; fits OTP send-button intent.,not_reviewed,,
"Postal Vote BD অ্যাপে যাচাই কোড পাঠাতে যে বোতাম লাগে, সেটি কোনটি?",otp_send_button,64,0.4710309891731423,0.5496166999156625,False,audited,clean,53180,otp_send_button,0.0140467882156372,0.1894583702087402,0.0,0.0,Asks which button is needed to send a verification code in Postal Vote BD; clean match.,not_reviewed,,
Postal Vote BD অ্যাপে নিরাপত্তা কোড পাঠাতে কোন বোতামটি বাছাই করব?,otp_send_button,65,0.4700354584816756,0.549150654753621,False,audited,clean,53116,otp_send_button,0.0111564397811889,0.1720329523086547,0.0,0.0,Asks which button to choose to send a security code in Postal Vote BD; clear OTP send-button question.,not_reviewed,,
ওটিপি সেন্ড করতে পোস্টাল ভোট অ্যাপে ঠিক কোনটা প্রেস করব?,otp_send_button,66,0.4694460429246796,0.5475025941612891,False,audited,clean,53125,otp_send_button,0.0104248523712158,0.1016754508018493,0.0,0.0,Asks exactly what to press in Postal Vote app to send OTP; directly matches the tag.,not_reviewed,,
Postal Vote BD অ্যাপে ভেরিফিকেশন কোড পাঠাতে কোন ট্যাব চাপবো?,otp_send_button,67,0.463623799062374,0.543262613477717,False,audited,clean,53174,otp_send_button,0.014778733253479,0.0582104325294494,0.0,0.0,"Asks which tab/button to press in Postal Vote BD to send a verification code, which matches the OTP send button intent.",not_reviewed,,
ওটিপি সেন্ড করার জন্য পোস্টাল ভোট অ্যাপে কোনটা প্রেস দিলে হবে?,otp_send_button,68,0.4633165271477547,0.5435370734502263,False,audited,clean,53191,otp_send_button,0.009972333908081,0.125577688217163,0.0,0.0,Self-contained question asking what to press in Postal Vote app to send OTP; cleanly fits the tag.,not_reviewed,,
Postal Vote BD তে যাচাইকরণ কোড পাঠাতে কোন বোতাম ব্যবহার করতে হবে?,otp_send_button,69,0.4621687022292561,0.5422551923197854,False,audited,clean,53171,otp_send_button,0.0149590373039245,0.1939637660980224,0.0,0.0,Clearly asks which button is needed to send a verification code in Postal Vote BD; verification code maps to OTP sending.,not_reviewed,,
পোস্টাল ভোট BD অ্যাপে ওয়ান টাইম পাসওয়ার্ড পাঠাতে কোন বোতামে ট্যাপ করব?,otp_send_button,70,0.4575770472354026,0.5370884667577455,False,audited,clean,53107,otp_send_button,0.0099337100982666,0.043197751045227,0.0,0.0,"Asks which button to tap to send a one-time password in Postal Vote BD, a clear OTP send button question.",not_reviewed,,
পোস্টাল ভোট অ্যাপে ওটিপি সেন্ডের জন্য কোন অপশন প্রেস করতে হবে?,otp_send_button,71,0.4572187206686119,0.5375248589465611,False,audited,clean,53135,otp_send_button,0.0108734369277954,0.1115257740020752,0.0,0.0,"Directly asks which option to press for OTP send in the Postal Vote app, matching the tag intent.",not_reviewed,,
Postal Vote BD তে OTP প্রেরণের অপশন কোনটি?,otp_send_button,72,0.455093618969546,0.5346441766569834,False,audited,clean,53141,otp_send_button,0.0103853940963745,0.1223028302192688,0.0,0.0,"Asks which option is for OTP sending in Postal Vote BD, fitting the OTP send button concept.",not_reviewed,,
যাচাইকরণ কোড প্রেরণের জন্য পোস্টাল ভোট অ্যাপে কোন অপশন টাচ করব?,otp_send_button,73,0.4534992783331909,0.5335285627449305,False,audited,clean,53112,otp_send_button,0.0071688294410705,0.1379649043083191,0.0,0.0,"Asks which option to touch in the Postal Vote app to send a verification code, matching OTP send/request button intent.",not_reviewed,,
